time,lon_gcj02,lat_gcj02,state,step,remaining_m,straight_m,drift_m
21:12:13.865,116.171773,39.730720,IDLE,,,,0.0
21:12:14.868,116.171773,39.730720,IDLE,,,,0.1
21:12:15.870,116.171772,39.730720,IDLE,,,,0.2
21:12:16.872,116.171771,39.730719,IDLE,,,,0.2
21:12:17.873,116.171769,39.730718,IDLE,,,,0.3
21:12:18.875,116.171768,39.730717,IDLE,,,,0.2
21:12:19.876,116.171767,39.730715,IDLE,,,,0.2
21:12:20.877,116.171764,39.730712,IDLE,,,,0.3
21:12:21.879,116.171762,39.730711,IDLE,,,,0.1
21:12:22.881,116.171763,39.730712,IDLE,,,,0.1
21:12:23.882,116.171762,39.730710,IDLE,,,,0.2
21:12:24.886,116.171761,39.730709,IDLE,,,,0.2
21:12:25.888,116.171760,39.730708,IDLE,,,,0.1
21:12:26.890,116.171759,39.730707,IDLE,,,,0.1
21:12:27.892,116.171758,39.730706,IDLE,,,,0.2
21:12:28.894,116.171756,39.730706,IDLE,,,,0.4
21:12:29.895,116.171755,39.730706,IDLE,,,,0.4
21:12:30.897,116.171754,39.730706,IDLE,,,,0.3
21:12:31.899,116.171753,39.730706,IDLE,,,,0.2
21:12:32.900,116.171751,39.730705,PLANNING,,,,0.2
21:12:33.902,116.171750,39.730705,IDLE,,,,0.3
21:12:34.904,116.171748,39.730705,IDLE,,,,0.3
21:12:35.905,116.171747,39.730705,IDLE,,,,0.2
21:12:36.907,116.171745,39.730705,IDLE,,,,0.1
21:12:37.909,116.171744,39.730705,IDLE,,,,0.1
21:12:38.911,116.171743,39.730704,IDLE,,,,0.2
21:12:39.913,116.171742,39.730704,IDLE,,,,0.2
21:12:40.915,116.171742,39.730704,IDLE,,,,0.3
21:12:41.917,116.171741,39.730704,IDLE,,,,0.5
21:12:42.919,116.171741,39.730704,IDLE,,,,0.5
21:12:43.920,116.171741,39.730704,IDLE,,,,0.7
21:12:44.923,116.171741,39.730705,IDLE,,,,0.7
21:12:45.924,116.171741,39.730706,IDLE,,,,0.6
21:12:46.926,116.171742,39.730706,IDLE,,,,0.6
21:12:47.928,116.171742,39.730707,IDLE,,,,0.5
21:12:48.930,116.171742,39.730707,IDLE,,,,0.4
21:12:49.932,116.171742,39.730707,IDLE,,,,0.2
21:12:50.934,116.171742,39.730707,IDLE,,,,0.3
21:12:51.935,116.171742,39.730708,IDLE,,,,0.3
21:12:52.937,116.171742,39.730709,IDLE,,,,0.5
21:12:53.938,116.171742,39.730709,IDLE,,,,0.3
21:12:54.940,116.171742,39.730709,IDLE,,,,0.2
21:12:55.942,116.171742,39.730709,IDLE,,,,0.1
21:12:56.943,116.171742,39.730709,IDLE,,,,0.1
21:12:57.945,116.171742,39.730709,IDLE,,,,0.2
21:12:58.948,116.171741,39.730709,IDLE,,,,0.3
21:12:59.950,116.171741,39.730709,IDLE,,,,0.3
21:13:00.951,116.171741,39.730708,IDLE,,,,0.3
21:13:01.954,116.171741,39.730708,IDLE,,,,0.4
21:13:02.956,116.171741,39.730707,IDLE,,,,0.4
21:13:03.957,116.171740,39.730707,IDLE,,,,0.5
21:13:04.958,116.171740,39.730705,IDLE,,,,0.7
21:13:05.960,116.171740,39.730704,IDLE,,,,0.7
21:13:06.962,116.171739,39.730702,IDLE,,,,0.7
21:13:07.963,116.171738,39.730700,IDLE,,,,0.7
21:13:08.965,116.171737,39.730698,IDLE,,,,0.8
21:13:09.967,116.171736,39.730696,IDLE,,,,0.8
21:13:10.969,116.171734,39.730695,IDLE,,,,0.8
21:13:11.971,116.171734,39.730695,NAVIGATING,1,616.0,519.9,0.8
21:13:12.973,116.171732,39.730691,NAVIGATING,1,616.2,519.6,0.8
21:13:13.975,116.171730,39.730689,NAVIGATING,1,616.3,519.5,0.7
21:13:14.976,116.171729,39.730687,NAVIGATING,1,616.3,519.3,0.6
21:13:15.979,116.171729,39.730685,NAVIGATING,1,616.4,519.1,0.5
21:13:16.981,116.171728,39.730683,NAVIGATING,1,616.4,518.9,0.5
21:13:17.984,116.171727,39.730681,NAVIGATING,1,616.4,518.6,0.6
21:13:18.985,116.171727,39.730678,NAVIGATING,1,616.4,518.4,0.5
21:13:19.988,116.171726,39.730676,NAVIGATING,1,616.5,518.2,0.5
21:13:20.990,116.171725,39.730674,NAVIGATING,1,616.6,518.0,0.5
21:13:21.992,116.171724,39.730672,NAVIGATING,1,616.7,517.8,0.4
21:13:22.995,116.171723,39.730670,NAVIGATING,1,616.8,517.7,0.2
21:13:23.997,116.171722,39.730669,NAVIGATING,1,616.8,517.6,0.1
21:13:25.000,116.171722,39.730669,NAVIGATING,1,616.8,517.5,0.5
21:13:26.001,116.171723,39.730668,NAVIGATING,1,616.7,517.5,1.0
21:13:27.002,116.171727,39.730669,NAVIGATING,1,616.4,517.4,1.6
21:13:28.005,116.171731,39.730670,NAVIGATING,1,616.0,517.4,2.1
21:13:29.007,116.171737,39.730671,NAVIGATING,1,615.6,517.3,2.4
21:13:30.009,116.171744,39.730672,NAVIGATING,1,615.0,517.3,2.7
21:13:31.011,116.171751,39.730673,NAVIGATING,1,614.4,517.2,2.8
21:13:32.012,116.171759,39.730675,NAVIGATING,1,613.7,517.2,3.0
21:13:33.015,116.171768,39.730677,NAVIGATING,1,612.9,517.1,3.1
21:13:34.018,116.171778,39.730678,NAVIGATING,1,612.1,516.9,3.1
21:13:35.020,116.171789,39.730675,NAVIGATING,1,611.1,516.3,3.6
21:13:36.023,116.171801,39.730673,NAVIGATING,1,610.1,515.7,3.7
21:13:37.025,116.171813,39.730670,NAVIGATING,1,609.0,515.2,3.6
21:13:38.026,116.171826,39.730669,NAVIGATING,1,607.9,514.6,3.5
21:13:39.029,116.171840,39.730668,NAVIGATING,1,606.7,514.2,3.3
21:13:40.031,116.171854,39.730669,NAVIGATING,1,605.6,513.9,3.3
21:13:41.034,116.171867,39.730670,NAVIGATING,1,604.4,513.7,3.0
21:13:42.037,116.171879,39.730671,NAVIGATING,1,603.4,513.4,2.5
21:13:43.040,116.171891,39.730671,NAVIGATING,1,602.4,513.1,1.7
21:13:44.042,116.171903,39.730670,NAVIGATING,1,601.3,512.7,1.5
21:13:45.044,116.171913,39.730669,NAVIGATING,1,600.5,512.3,1.2
21:13:46.046,116.171923,39.730668,NAVIGATING,1,599.6,512.0,1.0
21:13:47.048,116.171934,39.730668,NAVIGATING,1,598.7,511.7,0.9
21:13:48.050,116.171944,39.730669,NAVIGATING,1,597.9,511.5,1.1
21:13:49.052,116.171955,39.730670,NAVIGATING,1,596.9,511.3,1.1
21:13:50.054,116.171965,39.730669,NAVIGATING,1,596.1,510.9,0.7
21:13:51.056,116.171976,39.730667,NAVIGATING,1,595.1,510.4,1.0
21:13:52.058,116.171986,39.730664,NAVIGATING,1,594.2,509.8,1.5
21:13:53.061,116.171995,39.730661,NAVIGATING,1,593.4,509.3,1.5
21:13:54.063,116.172006,39.730660,NAVIGATING,1,592.5,508.9,0.5
21:13:55.065,116.172016,39.730660,NAVIGATING,1,591.6,508.7,0.6
21:13:56.068,116.172027,39.730657,NAVIGATING,1,590.7,508.1,1.5
21:13:57.069,116.172037,39.730652,NAVIGATING,1,589.8,507.4,2.4
21:13:58.070,116.172048,39.730648,NAVIGATING,1,588.8,506.6,2.3
21:13:59.072,116.172059,39.730644,NAVIGATING,1,587.9,506.0,1.6
21:14:00.075,116.172070,39.730641,NAVIGATING,1,587.0,505.4,1.2
21:14:01.077,116.172080,39.730638,NAVIGATING,1,586.1,504.8,0.9
21:14:02.078,116.172089,39.730636,NAVIGATING,1,585.4,504.4,0.5
21:14:03.081,116.172098,39.730634,NAVIGATING,1,584.6,503.9,0.7
21:14:04.083,116.172106,39.730631,NAVIGATING,1,584.0,503.4,1.3
21:14:05.087,116.172113,39.730628,NAVIGATING,1,583.5,503.0,1.2
21:14:06.089,116.172121,39.730626,NAVIGATING,2,568.0,502.5,0.9
21:14:07.091,116.172128,39.730624,NAVIGATING,2,567.8,502.1,0.7
21:14:08.094,116.172137,39.730622,NAVIGATING,2,567.5,501.7,0.4
21:14:09.094,116.172146,39.730620,NAVIGATING,2,567.3,501.3,0.1
21:14:10.097,116.172155,39.730619,NAVIGATING,2,567.1,500.9,0.2
21:14:11.099,116.172165,39.730617,NAVIGATING,2,566.9,500.5,0.5
21:14:12.102,116.172176,39.730616,NAVIGATING,2,566.7,500.2,0.8
21:14:13.104,116.172187,39.730615,NAVIGATING,2,566.5,499.8,0.8
21:14:14.105,116.172197,39.730613,NAVIGATING,2,566.3,499.4,0.9
21:14:15.107,116.172210,39.730612,NAVIGATING,2,566.1,498.9,1.1
21:14:16.109,116.172221,39.730610,NAVIGATING,2,565.9,498.5,1.0
21:14:17.112,116.172233,39.730608,NAVIGATING,2,565.6,498.0,0.9
21:14:18.113,116.172244,39.730605,NAVIGATING,2,565.3,497.4,1.1
21:14:19.115,116.172256,39.730601,NAVIGATING,2,564.8,496.7,1.1
21:14:20.118,116.172266,39.730596,NAVIGATING,2,564.3,496.0,1.3
21:14:21.120,116.172276,39.730592,NAVIGATING,2,563.8,495.3,1.4
21:14:22.122,116.172286,39.730586,NAVIGATING,2,563.2,494.5,1.6
21:14:23.124,116.172294,39.730580,NAVIGATING,2,562.5,493.7,1.8
21:14:24.126,116.172301,39.730574,NAVIGATING,2,561.9,492.9,2.0
21:14:25.128,116.172309,39.730568,NAVIGATING,2,561.2,492.0,2.0
21:14:26.130,116.172314,39.730562,NAVIGATING,2,560.5,491.2,2.3
21:14:27.132,116.172318,39.730555,NAVIGATING,2,559.7,490.4,2.6
21:14:28.134,116.172322,39.730547,NAVIGATING,2,558.9,489.5,2.9
21:14:29.136,116.172325,39.730539,NAVIGATING,2,558.0,488.6,3.1
21:14:30.137,116.172328,39.730531,NAVIGATING,2,557.0,487.6,3.1
21:14:31.139,116.172329,39.730522,NAVIGATING,2,556.1,486.7,3.2
21:14:32.142,116.172330,39.730514,NAVIGATING,2,555.2,485.8,3.2
21:14:33.144,116.172331,39.730505,NAVIGATING,2,554.2,484.8,3.0
21:14:34.146,116.172332,39.730496,NAVIGATING,2,553.2,483.8,2.9
21:14:35.148,116.172333,39.730487,NAVIGATING,2,552.2,482.8,2.8
21:14:36.150,116.172333,39.730478,NAVIGATING,2,551.2,481.8,2.8
21:14:37.153,116.172333,39.730469,NAVIGATING,2,550.2,480.8,2.7
21:14:38.155,116.172332,39.730460,NAVIGATING,2,549.2,479.9,2.4
21:14:39.157,116.172332,39.730451,NAVIGATING,2,548.2,479.0,2.3
21:14:40.159,116.172332,39.730442,NAVIGATING,2,547.2,478.0,2.0
21:14:41.161,116.172331,39.730433,NAVIGATING,2,546.2,477.1,1.9
21:14:42.163,116.172331,39.730424,NAVIGATING,2,545.2,476.1,1.8
21:14:43.166,116.172330,39.730414,NAVIGATING,2,544.1,475.0,1.8
21:14:44.168,116.172330,39.730404,NAVIGATING,2,543.0,474.0,1.8
21:14:45.170,116.172330,39.730394,NAVIGATING,2,541.8,472.8,1.8
21:14:46.172,116.172329,39.730383,NAVIGATING,2,540.6,471.7,1.8
21:14:47.175,116.172329,39.730372,NAVIGATING,2,539.4,470.5,1.7
21:14:48.177,116.172328,39.730361,NAVIGATING,2,538.2,469.4,1.5
21:14:49.179,116.172328,39.730351,NAVIGATING,2,537.1,468.3,1.3
21:14:50.182,116.172327,39.730341,NAVIGATING,2,536.0,467.3,1.2
21:14:51.183,116.172325,39.730331,NAVIGATING,2,534.9,466.2,1.1
21:14:52.184,116.172324,39.730323,NAVIGATING,2,533.9,465.3,0.9
21:14:53.187,116.172323,39.730315,NAVIGATING,2,533.0,464.5,1.2
21:14:54.189,116.172322,39.730308,NAVIGATING,2,532.3,463.9,1.8
21:14:55.191,116.172321,39.730303,NAVIGATING,2,531.7,463.3,2.3
21:14:56.193,116.172320,39.730298,NAVIGATING,2,531.2,462.8,2.6
21:14:57.197,116.172319,39.730295,NAVIGATING,2,530.8,462.5,2.8
21:14:58.199,116.172319,39.730292,NAVIGATING,2,530.5,462.2,3.0
21:14:59.201,116.172319,39.730290,NAVIGATING,2,530.2,461.9,3.0
21:15:00.203,116.172319,39.730288,NAVIGATING,2,530.0,461.7,2.9
21:15:01.206,116.172319,39.730285,NAVIGATING,2,529.7,461.4,2.5
21:15:02.208,116.172318,39.730282,NAVIGATING,2,529.4,461.2,2.1
21:15:03.210,116.172318,39.730279,NAVIGATING,2,529.0,460.8,1.7
21:15:04.212,116.172317,39.730276,NAVIGATING,2,528.7,460.4,1.2
21:15:05.214,116.172317,39.730271,NAVIGATING,2,528.2,460.0,1.1
21:15:06.217,116.172316,39.730267,NAVIGATING,2,527.7,459.5,0.7
21:15:07.219,116.172315,39.730262,NAVIGATING,2,527.1,459.0,0.5
21:15:08.221,116.172314,39.730256,NAVIGATING,2,526.5,458.5,0.4
21:15:09.223,116.172312,39.730251,NAVIGATING,2,525.9,457.9,0.8
21:15:10.225,116.172310,39.730246,NAVIGATING,2,525.3,457.4,0.7
21:15:11.227,116.172308,39.730239,NAVIGATING,2,524.6,456.7,0.7
21:15:12.229,116.172307,39.730233,NAVIGATING,2,523.9,456.1,0.8
21:15:13.231,116.172305,39.730225,NAVIGATING,2,523.1,455.4,0.9
21:15:14.233,116.172303,39.730219,NAVIGATING,2,522.3,454.7,0.9
21:15:15.235,116.172301,39.730211,NAVIGATING,2,521.4,453.9,0.9
21:15:16.238,116.172300,39.730203,NAVIGATING,2,520.6,453.1,1.3
21:15:17.240,116.172300,39.730195,NAVIGATING,2,519.7,452.2,1.4
21:15:18.242,116.172299,39.730187,NAVIGATING,2,518.8,451.4,1.4
21:15:19.244,116.172299,39.730178,NAVIGATING,2,517.8,450.5,1.4
21:15:20.247,116.172299,39.730169,NAVIGATING,2,516.8,449.5,1.5
21:15:21.249,116.172299,39.730160,NAVIGATING,2,515.8,448.5,1.5
21:15:22.251,116.172301,39.730151,NAVIGATING,2,514.8,447.5,1.7
21:15:23.254,116.172304,39.730141,NAVIGATING,2,513.7,446.3,2.3
21:15:24.255,116.172307,39.730130,NAVIGATING,2,512.5,445.1,2.1
21:15:25.263,116.172310,39.730119,NAVIGATING,2,511.3,443.9,2.3
21:15:26.265,116.172313,39.730108,NAVIGATING,2,510.1,442.7,2.2
21:15:27.267,116.172316,39.730098,NAVIGATING,2,508.9,441.5,2.2
21:15:28.269,116.172319,39.730086,NAVIGATING,2,507.6,440.1,2.3
21:15:29.271,116.172323,39.730074,NAVIGATING,2,506.3,438.8,2.1
21:15:30.273,116.172326,39.730063,NAVIGATING,2,505.0,437.5,1.7
21:15:31.275,116.172329,39.730051,NAVIGATING,2,503.8,436.2,1.7
21:15:32.277,116.172332,39.730040,NAVIGATING,2,502.5,434.9,1.3
21:15:33.279,116.172334,39.730029,NAVIGATING,2,501.3,433.7,0.8
21:15:34.281,116.172336,39.730019,NAVIGATING,2,500.2,432.6,0.7
21:15:35.283,116.172338,39.730008,NAVIGATING,2,499.0,431.4,0.7
21:15:36.286,116.172340,39.729998,NAVIGATING,2,497.8,430.2,0.6
21:15:37.288,116.172341,39.729987,NAVIGATING,2,496.6,429.0,0.5
21:15:38.291,116.172341,39.729976,NAVIGATING,2,495.4,427.9,0.7
21:15:39.292,116.172341,39.729966,NAVIGATING,2,494.3,426.8,0.7
21:15:40.295,116.172341,39.729955,NAVIGATING,2,493.1,425.7,0.8
21:15:41.297,116.172341,39.729945,NAVIGATING,2,492.0,424.6,0.8
21:15:42.298,116.172341,39.729934,NAVIGATING,2,490.8,423.5,0.7
21:15:43.300,116.172340,39.729924,NAVIGATING,2,489.7,422.4,0.6
21:15:44.302,116.172341,39.729914,NAVIGATING,2,488.5,421.2,0.4
21:15:45.304,116.172341,39.729904,NAVIGATING,2,487.4,420.2,0.4
21:15:46.306,116.172340,39.729895,NAVIGATING,2,486.4,419.2,0.5
21:15:47.309,116.172340,39.729885,NAVIGATING,2,485.3,418.2,0.5
21:15:48.310,116.172340,39.729876,NAVIGATING,2,484.3,417.2,0.6
21:15:49.312,116.172340,39.729867,NAVIGATING,2,483.2,416.3,0.5
21:15:50.315,116.172340,39.729857,NAVIGATING,2,482.1,415.2,0.3
21:15:51.317,116.172340,39.729847,NAVIGATING,2,481.0,414.1,0.3
21:15:52.319,116.172339,39.729837,NAVIGATING,2,480.0,413.1,0.3
21:15:53.321,116.172339,39.729827,NAVIGATING,2,478.9,412.1,0.2
21:15:54.323,116.172339,39.729817,NAVIGATING,2,477.7,411.0,0.1
21:15:55.325,116.172339,39.729808,NAVIGATING,2,476.7,410.0,0.3
21:15:56.327,116.172339,39.729799,NAVIGATING,2,475.7,409.1,0.4
21:15:57.329,116.172339,39.729790,NAVIGATING,2,474.7,408.1,0.5
21:15:58.331,116.172339,39.729781,NAVIGATING,2,473.8,407.2,0.6
21:15:59.336,116.172338,39.729773,NAVIGATING,2,472.8,406.3,0.6
21:16:00.338,116.172338,39.729764,NAVIGATING,2,471.9,405.4,0.7
21:16:01.340,116.172337,39.729755,NAVIGATING,2,470.9,404.5,0.4
21:16:02.342,116.172337,39.729746,NAVIGATING,2,469.9,403.6,0.5
21:16:03.343,116.172336,39.729737,NAVIGATING,2,468.9,402.6,0.4
21:16:04.345,116.172335,39.729728,NAVIGATING,2,467.8,401.6,0.4
21:16:05.347,116.172334,39.729719,NAVIGATING,2,466.8,400.7,0.4
21:16:06.350,116.172333,39.729709,NAVIGATING,2,465.7,399.7,0.3
21:16:07.352,116.172332,39.729699,NAVIGATING,2,464.6,398.7,0.3
21:16:08.353,116.172332,39.729689,NAVIGATING,2,463.5,397.6,0.7
21:16:09.355,116.172333,39.729678,NAVIGATING,2,462.2,396.4,0.8
21:16:10.357,116.172332,39.729668,NAVIGATING,2,461.2,395.4,0.3
21:16:11.359,116.172331,39.729659,NAVIGATING,2,460.1,394.5,0.5
21:16:12.361,116.172329,39.729650,NAVIGATING,2,459.1,393.5,0.5
21:16:13.364,116.172328,39.729641,NAVIGATING,2,458.1,392.6,0.5
21:16:14.366,116.172326,39.729631,NAVIGATING,2,457.1,391.7,0.5
21:16:15.368,116.172324,39.729622,NAVIGATING,2,456.0,390.7,0.5
21:16:16.369,116.172323,39.729612,NAVIGATING,2,454.9,389.7,0.5
21:16:17.371,116.172322,39.729602,NAVIGATING,2,453.8,388.7,0.5
21:16:18.373,116.172320,39.729592,NAVIGATING,2,452.7,387.7,0.4
21:16:19.374,116.172318,39.729584,NAVIGATING,2,451.7,386.9,0.7
21:16:20.376,116.172316,39.729575,NAVIGATING,2,450.8,386.0,1.0
21:16:21.377,116.172314,39.729567,NAVIGATING,2,449.9,385.2,0.9
21:16:22.379,116.172312,39.729559,NAVIGATING,2,449.0,384.4,0.5
21:16:23.381,116.172310,39.729551,NAVIGATING,2,448.1,383.6,0.8
21:16:24.384,116.172308,39.729542,NAVIGATING,2,447.1,382.8,0.6
21:16:25.386,116.172306,39.729533,NAVIGATING,2,446.1,381.9,0.4
21:16:26.389,116.172304,39.729525,NAVIGATING,2,445.2,381.1,0.4
21:16:27.391,116.172303,39.729517,NAVIGATING,2,444.3,380.2,0.2
21:16:28.394,116.172302,39.729508,NAVIGATING,2,443.3,379.4,0.2
21:16:29.396,116.172301,39.729499,NAVIGATING,2,442.3,378.4,0.1
21:16:30.399,116.172300,39.729489,NAVIGATING,2,441.2,377.5,0.3
21:16:31.401,116.172299,39.729480,NAVIGATING,2,440.2,376.5,0.4
21:16:32.403,116.172298,39.729470,NAVIGATING,2,439.1,375.5,0.5
21:16:33.420,116.172297,39.729460,NAVIGATING,2,438.0,374.5,0.3
21:16:34.422,116.172296,39.729450,NAVIGATING,2,436.8,373.4,0.5
21:16:35.423,116.172295,39.729439,NAVIGATING,2,435.7,372.3,0.6
21:16:36.425,116.172294,39.729429,NAVIGATING,2,434.5,371.3,0.8
21:16:37.428,116.172294,39.729418,NAVIGATING,2,433.3,370.2,0.8
21:16:38.429,116.172293,39.729408,NAVIGATING,2,432.1,369.1,0.7
21:16:39.431,116.172292,39.729398,NAVIGATING,2,431.0,368.1,0.2
21:16:40.433,116.172290,39.729388,NAVIGATING,2,430.0,367.2,0.1
21:16:41.435,116.172289,39.729379,NAVIGATING,2,428.9,366.2,0.2
21:16:42.437,116.172287,39.729370,NAVIGATING,2,428.0,365.4,0.4
21:16:43.439,116.172286,39.729361,NAVIGATING,2,426.9,364.4,0.1
21:16:44.441,116.172285,39.729351,NAVIGATING,2,425.9,363.4,0.1
21:16:45.444,116.172284,39.729342,NAVIGATING,2,424.9,362.5,0.2
21:16:46.446,116.172284,39.729332,NAVIGATING,2,423.7,361.5,0.5
21:16:47.447,116.172284,39.729323,NAVIGATING,2,422.7,360.5,0.4
21:16:48.449,116.172284,39.729312,NAVIGATING,2,421.6,359.4,0.7
21:16:49.451,116.172285,39.729302,NAVIGATING,2,420.5,358.4,0.7
21:16:50.453,116.172285,39.729292,NAVIGATING,2,419.3,357.2,0.8
21:16:51.455,116.172286,39.729281,NAVIGATING,2,418.1,356.1,0.7
21:16:52.457,116.172286,39.729271,NAVIGATING,2,416.9,355.0,0.7
21:16:53.460,116.172287,39.729261,NAVIGATING,2,415.8,354.0,0.7
21:16:54.462,116.172287,39.729250,NAVIGATING,2,414.6,352.8,1.1
21:16:55.465,116.172289,39.729239,NAVIGATING,2,413.4,351.6,1.2
21:16:56.467,116.172290,39.729228,NAVIGATING,2,412.1,350.4,1.1
21:16:57.469,116.172291,39.729215,NAVIGATING,2,410.8,349.1,1.2
21:16:58.471,116.172291,39.729203,NAVIGATING,2,409.4,347.9,1.3
21:16:59.472,116.172290,39.729191,NAVIGATING,2,408.1,346.6,1.3
21:17:00.474,116.172289,39.729178,NAVIGATING,2,406.7,345.3,1.3
21:17:01.476,116.172289,39.729166,NAVIGATING,2,405.3,344.1,1.1
21:17:02.478,116.172289,39.729153,NAVIGATING,2,403.8,342.7,1.2
21:17:03.480,116.172289,39.729140,NAVIGATING,2,402.4,341.4,1.0
21:17:04.482,116.172290,39.729128,NAVIGATING,2,401.0,340.1,1.1
21:17:05.484,116.172290,39.729114,NAVIGATING,2,399.5,338.7,1.3
21:17:06.486,116.172291,39.729101,NAVIGATING,2,398.0,337.3,1.3
21:17:07.498,116.172292,39.729088,NAVIGATING,2,396.6,335.9,1.2
21:17:08.500,116.172293,39.729075,NAVIGATING,2,395.1,334.5,0.9
21:17:09.502,116.172293,39.729063,NAVIGATING,2,393.9,333.3,0.2
21:17:10.503,116.172292,39.729052,NAVIGATING,2,392.6,332.2,0.4
21:17:11.506,116.172292,39.729041,NAVIGATING,2,391.3,331.0,0.5
21:17:12.508,116.172290,39.729031,NAVIGATING,2,390.3,330.1,1.3
21:17:13.510,116.172287,39.729022,NAVIGATING,2,389.3,329.3,2.0
21:17:14.511,116.172284,39.729015,NAVIGATING,2,388.5,328.7,2.2
21:17:15.514,116.172281,39.729007,NAVIGATING,2,387.6,327.9,2.5
21:17:16.516,116.172279,39.729001,NAVIGATING,2,386.9,327.4,2.3
21:17:17.518,116.172274,39.728988,NAVIGATING,2,385.5,326.2,1.9
21:17:18.519,116.172272,39.728980,NAVIGATING,2,384.6,325.5,1.6
21:17:19.522,116.172272,39.728980,NAVIGATING,2,384.6,325.5,1.6
21:17:20.525,116.172269,39.728966,NAVIGATING,2,383.0,324.1,1.0
21:17:21.528,116.172267,39.728957,NAVIGATING,2,382.1,323.3,0.8
21:17:22.530,116.172265,39.728949,NAVIGATING,2,381.2,322.6,0.6
21:17:23.532,116.172263,39.728940,NAVIGATING,2,380.2,321.7,0.4
21:17:24.534,116.172261,39.728931,NAVIGATING,2,379.2,320.8,0.3
21:17:25.535,116.172259,39.728921,NAVIGATING,2,378.2,319.9,0.4
21:17:26.537,116.172258,39.728912,NAVIGATING,2,377.1,319.0,0.5
21:17:27.541,116.172256,39.728902,NAVIGATING,2,376.0,318.1,0.6
21:17:28.544,116.172254,39.728892,NAVIGATING,2,374.9,317.1,0.6
21:17:29.545,116.172253,39.728882,NAVIGATING,2,373.8,316.1,0.6
21:17:30.548,116.172251,39.728872,NAVIGATING,2,372.7,315.1,0.6
21:17:31.549,116.172250,39.728862,NAVIGATING,2,371.5,314.1,0.7
21:17:32.552,116.172250,39.728851,NAVIGATING,2,370.3,313.1,0.8
21:17:33.554,116.172249,39.728840,NAVIGATING,2,369.2,312.0,0.9
21:17:34.556,116.172249,39.728829,NAVIGATING,2,368.0,310.9,0.9
21:17:35.558,116.172249,39.728818,NAVIGATING,2,366.7,309.8,1.1
21:17:36.561,116.172249,39.728806,NAVIGATING,2,365.4,308.6,1.0
21:17:37.563,116.172249,39.728795,NAVIGATING,2,364.2,307.5,1.1
21:17:38.566,116.172248,39.728783,NAVIGATING,2,362.9,306.3,1.0
21:17:39.568,116.172248,39.728771,NAVIGATING,2,361.6,305.1,1.0
21:17:40.570,116.172248,39.728759,NAVIGATING,2,360.2,303.9,1.0
21:17:41.572,116.172248,39.728749,NAVIGATING,2,359.1,302.8,0.5
21:17:42.574,116.172248,39.728736,NAVIGATING,2,357.7,301.6,1.0
21:17:43.576,116.172249,39.728726,NAVIGATING,2,356.6,300.5,0.9
21:17:44.577,116.172250,39.728715,NAVIGATING,2,355.4,299.4,0.8
21:17:45.580,116.172252,39.728704,NAVIGATING,2,354.2,298.3,1.0
21:17:46.582,116.172254,39.728693,NAVIGATING,2,352.9,297.1,1.1
21:17:47.584,116.172255,39.728683,NAVIGATING,2,351.8,296.0,1.1
21:17:48.586,116.172257,39.728672,NAVIGATING,2,350.5,294.8,1.0
21:17:49.589,116.172259,39.728661,NAVIGATING,2,349.3,293.7,0.7
21:17:50.591,116.172260,39.728650,NAVIGATING,2,348.1,292.5,0.6
21:17:51.593,116.172261,39.728639,NAVIGATING,3,338.7,291.4,0.5
21:17:52.595,116.172262,39.728628,NAVIGATING,3,338.3,290.3,0.4
21:17:53.597,116.172263,39.728618,NAVIGATING,3,337.9,289.2,0.3
21:17:54.600,116.172264,39.728607,NAVIGATING,3,337.6,288.1,0.2
21:17:55.602,116.172265,39.728597,NAVIGATING,3,337.3,287.0,0.2
21:17:56.605,116.172266,39.728586,NAVIGATING,3,337.0,285.9,0.3
21:17:57.606,116.172267,39.728576,NAVIGATING,3,336.7,284.9,0.4
21:17:58.608,116.172269,39.728566,NAVIGATING,3,336.4,283.8,0.6
21:17:59.609,116.172272,39.728557,NAVIGATING,3,336.0,282.8,1.1
21:18:00.611,116.172276,39.728547,NAVIGATING,3,335.5,281.6,1.5
21:18:01.615,116.172281,39.728537,NAVIGATING,3,335.0,280.5,1.8
21:18:02.617,116.172287,39.728529,NAVIGATING,3,334.4,279.4,2.2
21:18:03.619,116.172294,39.728520,NAVIGATING,3,333.8,278.3,2.6
21:18:04.620,116.172300,39.728512,NAVIGATING,3,333.3,277.2,3.5
21:18:05.623,116.172307,39.728504,NAVIGATING,3,332.7,276.1,4.2
21:18:06.625,116.172317,39.728496,NAVIGATING,3,331.9,275.0,4.7
21:18:07.628,116.172332,39.728491,NAVIGATING,3,330.6,273.9,4.8
21:18:08.630,116.172348,39.728487,NAVIGATING,3,329.3,272.9,4.7
21:18:09.631,116.172364,39.728483,NAVIGATING,3,327.9,271.9,4.7
21:18:10.636,116.172380,39.728478,NAVIGATING,3,326.6,270.9,4.5
21:18:11.639,116.172396,39.728475,NAVIGATING,3,325.3,269.9,4.3
21:18:12.640,116.172412,39.728472,NAVIGATING,3,324.0,269.0,4.3
21:18:13.642,116.172428,39.728469,NAVIGATING,3,322.6,268.2,4.3
21:18:14.644,116.172444,39.728468,NAVIGATING,3,321.3,267.4,4.3
21:18:15.648,116.172460,39.728467,NAVIGATING,3,319.9,266.7,4.2
21:18:16.650,116.172477,39.728466,NAVIGATING,3,318.5,266.1,4.1
21:18:17.653,116.172492,39.728465,NAVIGATING,3,317.2,265.5,3.9
21:18:18.656,116.172508,39.728465,NAVIGATING,3,315.9,264.9,3.8
21:18:19.658,116.172524,39.728465,NAVIGATING,3,314.5,264.3,3.7
21:18:20.660,116.172540,39.728465,NAVIGATING,3,313.2,263.8,3.6
21:18:21.662,116.172556,39.728465,NAVIGATING,3,311.8,263.3,3.5
21:18:22.665,116.172572,39.728466,NAVIGATING,3,310.5,262.8,3.3
21:18:23.667,116.172588,39.728466,NAVIGATING,3,309.1,262.3,3.0
21:18:24.669,116.172603,39.728467,NAVIGATING,3,307.9,261.9,2.8
21:18:25.671,116.172618,39.728468,NAVIGATING,3,306.5,261.5,2.6
21:18:26.673,116.172634,39.728468,NAVIGATING,3,305.2,261.1,2.5
21:18:27.675,116.172649,39.728470,NAVIGATING,3,303.9,260.7,2.4
21:18:28.677,116.172664,39.728471,NAVIGATING,3,302.6,260.4,2.1
21:18:29.679,116.172679,39.728472,NAVIGATING,3,301.4,260.0,1.8
21:18:30.681,116.172694,39.728473,NAVIGATING,3,300.1,259.7,1.7
21:18:31.683,116.172707,39.728474,NAVIGATING,4,283.2,259.4,1.6
21:18:32.686,116.172722,39.728476,NAVIGATING,4,283.3,259.2,1.5
21:18:33.688,116.172736,39.728477,NAVIGATING,4,283.4,258.9,1.5
21:18:34.689,116.172749,39.728478,NAVIGATING,4,283.5,258.7,1.4
21:18:35.691,116.172763,39.728480,NAVIGATING,4,283.6,258.4,1.4
21:18:36.693,116.172776,39.728482,NAVIGATING,4,283.8,258.3,1.2
21:18:37.695,116.172789,39.728484,NAVIGATING,4,283.9,258.1,1.1
21:18:38.697,116.172803,39.728486,NAVIGATING,4,284.1,257.9,1.0
21:18:39.699,116.172816,39.728488,NAVIGATING,4,284.3,257.8,1.0
21:18:40.700,116.172830,39.728490,NAVIGATING,4,284.5,257.7,1.0
21:18:41.703,116.172843,39.728492,NAVIGATING,4,284.7,257.5,0.9
21:18:42.704,116.172857,39.728493,NAVIGATING,4,284.9,257.3,0.6
21:18:43.707,116.172871,39.728494,NAVIGATING,4,284.9,257.0,0.2
21:18:44.708,116.172885,39.728494,NAVIGATING,4,284.9,256.6,0.5
21:18:45.710,116.172896,39.728492,NAVIGATING,4,284.7,256.2,1.3
21:18:46.713,116.172907,39.728488,NAVIGATING,4,284.3,255.5,2.3
21:18:47.715,116.172917,39.728483,NAVIGATING,4,283.8,254.7,3.2
21:18:48.717,116.172924,39.728477,NAVIGATING,4,283.1,253.9,3.9
21:18:49.719,116.172929,39.728470,NAVIGATING,4,282.4,253.1,4.5
21:18:50.721,116.172933,39.728462,NAVIGATING,4,281.5,252.1,5.1
21:18:51.723,116.172936,39.728453,NAVIGATING,4,280.5,251.1,5.5
21:18:52.725,116.172937,39.728444,NAVIGATING,4,279.5,250.1,5.6
21:18:53.728,116.172937,39.728434,NAVIGATING,4,278.4,249.0,5.7
21:18:54.730,116.172937,39.728424,NAVIGATING,4,277.2,247.9,5.7
21:18:55.732,116.172935,39.728413,NAVIGATING,4,276.0,246.8,5.7
21:18:56.735,116.172933,39.728402,NAVIGATING,4,274.8,245.7,5.6
21:18:57.736,116.172931,39.728390,NAVIGATING,4,273.4,244.5,5.4
21:18:58.739,116.172928,39.728379,NAVIGATING,4,272.2,243.4,5.2
21:18:59.740,116.172924,39.728368,NAVIGATING,4,270.9,242.3,4.9
21:19:00.742,116.172920,39.728356,NAVIGATING,4,269.6,241.1,4.6
21:19:01.745,116.172917,39.728344,NAVIGATING,4,268.3,239.9,4.2
21:19:02.747,116.172913,39.728333,NAVIGATING,4,267.1,238.9,4.0
21:19:03.749,116.172908,39.728322,NAVIGATING,4,265.9,237.8,3.7
21:19:04.751,116.172904,39.728311,NAVIGATING,4,264.7,236.8,3.4
21:19:05.752,116.172899,39.728300,NAVIGATING,4,263.4,235.8,3.1
21:19:06.755,116.172894,39.728289,NAVIGATING,4,262.2,234.7,2.9
21:19:07.758,116.172890,39.728279,NAVIGATING,4,261.0,233.7,2.5
21:19:08.760,116.172886,39.728268,NAVIGATING,4,259.9,232.8,2.2
21:19:09.762,116.172882,39.728258,NAVIGATING,4,258.7,231.7,2.0
21:19:10.765,116.172878,39.728247,NAVIGATING,4,257.5,230.7,1.8
21:19:11.766,116.172875,39.728235,NAVIGATING,4,256.2,229.6,1.7
21:19:12.769,116.172872,39.728224,NAVIGATING,4,254.9,228.5,1.4
21:19:13.771,116.172869,39.728212,NAVIGATING,4,253.6,227.3,1.1
21:19:14.773,116.172868,39.728201,NAVIGATING,4,252.4,226.2,1.0
21:19:15.775,116.172867,39.728190,NAVIGATING,4,251.1,225.0,0.9
21:19:16.777,116.172866,39.728178,NAVIGATING,4,249.8,223.8,0.9
21:19:17.779,116.172865,39.728166,NAVIGATING,4,248.5,222.6,1.0
21:19:18.780,116.172865,39.728154,NAVIGATING,4,247.2,221.4,1.0
21:19:19.782,116.172864,39.728143,NAVIGATING,4,245.9,220.2,0.9
21:19:20.784,116.172864,39.728131,NAVIGATING,4,244.6,219.0,0.7
21:19:21.786,116.172864,39.728121,NAVIGATING,4,243.4,217.9,0.6
21:19:22.788,116.172864,39.728110,NAVIGATING,4,242.3,216.8,0.6
21:19:23.789,116.172864,39.728099,NAVIGATING,4,241.1,215.7,0.5
21:19:24.791,116.172864,39.728089,NAVIGATING,4,239.9,214.6,0.4
21:19:25.792,116.172864,39.728078,NAVIGATING,4,238.7,213.5,0.3
21:19:26.794,116.172863,39.728067,NAVIGATING,4,237.4,212.4,0.2
21:19:27.797,116.172863,39.728057,NAVIGATING,4,236.3,211.3,0.1
21:19:28.799,116.172863,39.728046,NAVIGATING,4,235.1,210.2,0.2
21:19:29.801,116.172863,39.728035,NAVIGATING,4,233.9,209.1,0.3
21:19:30.803,116.172863,39.728025,NAVIGATING,4,232.8,208.0,0.3
21:19:31.805,116.172862,39.728014,NAVIGATING,4,231.6,207.0,0.2
21:19:32.807,116.172861,39.728004,NAVIGATING,4,230.5,205.9,0.1
21:19:33.809,116.172861,39.727993,NAVIGATING,4,229.2,204.8,0.2
21:19:34.811,116.172861,39.727982,NAVIGATING,4,228.1,203.7,0.3
21:19:35.813,116.172860,39.727971,NAVIGATING,4,226.8,202.6,0.2
21:19:36.815,116.172860,39.727961,NAVIGATING,4,225.6,201.5,0.2
21:19:37.817,116.172860,39.727951,NAVIGATING,4,224.6,200.5,0.3
21:19:38.821,116.172860,39.727940,NAVIGATING,4,223.4,199.4,0.3
21:19:39.822,116.172860,39.727930,NAVIGATING,4,222.3,198.4,0.2
21:19:40.825,116.172860,39.727921,NAVIGATING,4,221.2,197.4,0.3
21:19:41.826,116.172861,39.727910,NAVIGATING,4,220.0,196.3,0.3
21:19:42.828,116.172861,39.727899,NAVIGATING,4,218.8,195.2,0.5
21:19:43.831,116.172862,39.727889,NAVIGATING,4,217.7,194.1,0.3
21:19:44.832,116.172862,39.727879,NAVIGATING,4,216.5,193.0,0.4
21:19:45.834,116.172863,39.727868,NAVIGATING,4,215.3,191.9,0.5
21:19:46.836,116.172863,39.727856,NAVIGATING,4,214.0,190.7,0.4
21:19:47.837,116.172863,39.727846,NAVIGATING,4,212.8,189.6,0.2
21:19:48.840,116.172862,39.727835,NAVIGATING,4,211.7,188.6,0.3
21:19:49.841,116.172862,39.727824,NAVIGATING,4,210.5,187.5,0.2
21:19:50.843,116.172863,39.727815,NAVIGATING,4,209.4,186.5,0.1
21:19:51.845,116.172863,39.727805,NAVIGATING,4,208.3,185.5,0.4
21:19:52.849,116.172863,39.727796,NAVIGATING,4,207.3,184.6,0.7
21:19:53.851,116.172864,39.727787,NAVIGATING,4,206.3,183.7,0.8
21:19:54.853,116.172864,39.727778,NAVIGATING,4,205.3,182.7,0.9
21:19:55.855,116.172864,39.727769,NAVIGATING,4,204.3,181.8,0.8
21:19:56.857,116.172864,39.727760,NAVIGATING,4,203.4,181.0,0.6
21:19:57.860,116.172864,39.727751,NAVIGATING,4,202.3,180.0,0.5
21:19:58.862,116.172864,39.727742,NAVIGATING,4,201.3,179.1,0.2
21:19:59.864,116.172865,39.727732,NAVIGATING,4,200.2,178.1,0.1
21:20:00.866,116.172865,39.727721,NAVIGATING,4,199.0,177.0,0.7
21:20:01.868,116.172865,39.727710,NAVIGATING,4,197.8,175.9,0.7
21:20:02.870,116.172865,39.727700,NAVIGATING,4,196.6,174.8,0.5
21:20:03.872,116.172866,39.727689,NAVIGATING,4,195.4,173.7,0.4
21:20:04.874,116.172867,39.727678,NAVIGATING,4,194.2,172.6,0.4
21:20:05.876,116.172867,39.727668,NAVIGATING,4,193.1,171.6,0.5
21:20:06.878,116.172868,39.727657,NAVIGATING,4,191.8,170.5,0.5
21:20:07.880,116.172868,39.727646,NAVIGATING,4,190.7,169.4,0.4
21:20:08.882,116.172868,39.727635,NAVIGATING,4,189.5,168.3,0.4
21:20:09.883,116.172867,39.727625,NAVIGATING,4,188.3,167.4,0.5
21:20:10.885,116.172866,39.727616,NAVIGATING,4,187.3,166.5,0.9
21:20:11.890,116.172866,39.727608,NAVIGATING,4,186.4,165.7,0.8
21:20:12.894,116.172865,39.727598,NAVIGATING,4,185.3,164.8,0.5
21:20:13.896,116.172865,39.727589,NAVIGATING,4,184.3,163.9,0.3
21:20:14.899,116.172864,39.727579,NAVIGATING,4,183.2,162.9,0.2
21:20:15.900,116.172864,39.727569,NAVIGATING,4,182.0,161.9,0.2
21:20:16.902,116.172863,39.727558,NAVIGATING,4,180.9,160.9,0.2
21:20:17.905,116.172863,39.727549,NAVIGATING,4,179.8,160.0,0.2
21:20:18.908,116.172862,39.727539,NAVIGATING,4,178.7,159.1,0.3
21:20:19.912,116.172861,39.727529,NAVIGATING,4,177.6,158.2,0.3
21:20:20.914,116.172860,39.727518,NAVIGATING,4,176.5,157.2,0.2
21:20:21.918,116.172860,39.727509,NAVIGATING,4,175.4,156.3,0.1
21:20:22.920,116.172860,39.727500,NAVIGATING,4,174.4,155.3,0.2
21:20:23.922,116.172860,39.727491,NAVIGATING,4,173.4,154.5,0.6
21:20:24.925,116.172860,39.727482,NAVIGATING,4,172.4,153.6,0.6
21:20:25.927,116.172861,39.727473,NAVIGATING,4,171.4,152.7,0.4
21:20:26.929,116.172861,39.727464,NAVIGATING,4,170.4,151.8,0.4
21:20:27.932,116.172861,39.727454,NAVIGATING,4,169.3,151.0,0.4
21:20:28.934,116.172861,39.727446,NAVIGATING,4,168.4,150.1,0.4
21:20:29.936,116.172861,39.727437,NAVIGATING,4,167.4,149.3,0.4
21:20:30.937,116.172861,39.727428,NAVIGATING,4,166.4,148.4,0.3
21:20:31.939,116.172861,39.727419,NAVIGATING,4,165.4,147.6,0.2
21:20:32.941,116.172861,39.727410,NAVIGATING,4,164.4,146.7,0.3
21:20:33.943,116.172862,39.727401,NAVIGATING,4,163.4,145.8,0.1
21:20:34.946,116.172862,39.727391,NAVIGATING,4,162.3,144.9,0.1
21:20:35.947,116.172862,39.727381,NAVIGATING,4,161.2,143.9,0.2
21:20:36.949,116.172862,39.727371,NAVIGATING,4,160.1,143.0,0.3
21:20:37.952,116.172862,39.727362,NAVIGATING,4,159.0,142.1,0.2
21:20:38.954,116.172862,39.727352,NAVIGATING,4,158.0,141.3,0.1
21:20:39.956,116.172862,39.727343,NAVIGATING,4,156.9,140.4,0.0
21:20:40.958,116.172862,39.727333,NAVIGATING,4,155.9,139.5,0.2
21:20:41.961,116.172862,39.727324,NAVIGATING,4,154.9,138.7,0.1
21:20:42.965,116.172862,39.727315,NAVIGATING,4,153.8,137.8,0.0
21:20:43.966,116.172861,39.727305,NAVIGATING,4,152.7,136.9,0.2
21:20:44.969,116.172861,39.727295,NAVIGATING,4,151.6,136.0,0.4
21:20:45.970,116.172861,39.727285,NAVIGATING,4,150.5,135.1,0.3
21:20:46.972,116.172860,39.727275,NAVIGATING,4,149.4,134.2,0.2
21:20:47.974,116.172859,39.727265,NAVIGATING,4,148.3,133.4,0.3
21:20:48.976,116.172859,39.727255,NAVIGATING,4,147.1,132.4,0.3
21:20:49.977,116.172859,39.727245,NAVIGATING,4,146.1,131.6,0.3
21:20:50.979,116.172859,39.727235,NAVIGATING,4,144.9,130.6,0.3
21:20:51.981,116.172858,39.727225,NAVIGATING,4,143.8,129.8,0.3
21:20:52.983,116.172858,39.727214,NAVIGATING,4,142.7,128.9,0.3
21:20:53.985,116.172858,39.727204,NAVIGATING,4,141.5,127.9,0.3
21:20:54.987,116.172859,39.727193,NAVIGATING,4,140.3,127.0,0.4
21:20:55.989,116.172859,39.727183,NAVIGATING,4,139.2,126.1,0.4
21:20:56.991,116.172859,39.727173,NAVIGATING,4,138.1,125.2,0.3
21:20:57.992,116.172859,39.727163,NAVIGATING,4,136.9,124.3,0.2
21:20:58.994,116.172860,39.727152,NAVIGATING,4,135.8,123.3,0.2
21:20:59.996,116.172860,39.727142,NAVIGATING,4,134.6,122.4,0.3
21:21:00.998,116.172860,39.727132,NAVIGATING,4,133.5,121.5,0.2
21:21:02.000,116.172860,39.727122,NAVIGATING,4,132.3,120.7,0.1
21:21:03.001,116.172860,39.727112,NAVIGATING,4,131.3,119.8,0.1
21:21:04.004,116.172859,39.727102,NAVIGATING,4,130.1,119.0,0.2
21:21:05.006,116.172859,39.727091,NAVIGATING,4,129.0,118.1,0.2
21:21:06.009,116.172859,39.727081,NAVIGATING,4,127.9,117.3,0.3
21:21:07.010,116.172858,39.727072,NAVIGATING,4,126.8,116.5,0.2
21:21:08.012,116.172858,39.727062,NAVIGATING,4,125.7,115.7,0.2
21:21:09.014,116.172857,39.727052,NAVIGATING,4,124.6,114.9,0.3
21:21:10.017,116.172857,39.727042,NAVIGATING,4,123.5,114.1,0.2
21:21:11.018,116.172856,39.727032,NAVIGATING,4,122.4,113.4,0.2
21:21:12.021,116.172856,39.727023,NAVIGATING,4,121.4,112.7,0.3
21:21:13.023,116.172855,39.727013,NAVIGATING,4,120.3,111.9,0.2
21:21:14.026,116.172855,39.727003,NAVIGATING,4,119.2,111.2,0.2
21:21:15.028,116.172854,39.726994,NAVIGATING,4,118.2,110.4,0.1
21:21:16.030,116.172854,39.726983,NAVIGATING,4,116.9,109.6,0.5
21:21:17.032,116.172853,39.726971,NAVIGATING,4,115.7,108.8,0.9
21:21:18.038,116.172852,39.726960,NAVIGATING,4,114.4,107.9,0.9
21:21:19.039,116.172851,39.726949,NAVIGATING,4,113.1,107.1,0.9
21:21:20.043,116.172850,39.726937,NAVIGATING,4,111.9,106.3,0.7
21:21:21.045,116.172849,39.726926,NAVIGATING,4,110.6,105.5,0.7
21:21:22.047,116.172849,39.726915,NAVIGATING,4,109.4,104.7,0.6
21:21:23.049,116.172848,39.726904,NAVIGATING,4,108.2,103.9,0.4
21:21:24.052,116.172847,39.726893,NAVIGATING,4,107.0,103.2,0.1
21:21:25.055,116.172847,39.726883,NAVIGATING,4,105.9,102.5,0.1
21:21:26.057,116.172847,39.726872,NAVIGATING,4,104.7,101.7,0.1
21:21:27.061,116.172847,39.726862,NAVIGATING,4,103.6,101.0,0.3
21:21:28.062,116.172847,39.726852,NAVIGATING,4,102.5,100.3,0.2
21:21:29.064,116.172847,39.726842,NAVIGATING,4,101.3,99.6,0.5
21:21:30.066,116.172848,39.726832,NAVIGATING,4,100.2,98.9,0.5
21:21:31.068,116.172848,39.726822,NAVIGATING,4,99.1,98.2,0.5
21:21:32.070,116.172849,39.726813,NAVIGATING,4,98.1,97.5,0.5
21:21:33.073,116.172849,39.726803,NAVIGATING,4,97.0,96.8,0.3
21:21:34.074,116.172849,39.726793,NAVIGATING,4,95.9,96.1,0.4
21:21:35.077,116.172849,39.726784,NAVIGATING,4,94.9,95.6,0.5
21:21:36.079,116.172849,39.726774,NAVIGATING,4,93.8,94.9,0.4
21:21:37.081,116.172849,39.726765,NAVIGATING,4,92.8,94.3,0.3
21:21:38.083,116.172849,39.726756,NAVIGATING,4,91.8,93.8,0.4
21:21:39.086,116.172849,39.726747,NAVIGATING,4,90.8,93.2,0.4
21:21:40.087,116.172849,39.726737,NAVIGATING,5,79.1,92.6,0.4
21:21:41.090,116.172850,39.726728,NAVIGATING,5,78.9,92.0,0.4
21:21:42.091,116.172850,39.726718,NAVIGATING,5,78.7,91.5,0.3
21:21:43.095,116.172851,39.726709,NAVIGATING,5,78.5,90.9,0.2
21:21:44.096,116.172851,39.726699,NAVIGATING,5,78.2,90.3,0.4
21:21:45.099,116.172852,39.726689,NAVIGATING,5,78.1,89.6,0.3
21:21:46.100,116.172853,39.726678,NAVIGATING,5,77.9,89.0,0.3
21:21:47.103,116.172854,39.726669,NAVIGATING,5,77.7,88.4,0.3
21:21:48.104,116.172855,39.726659,NAVIGATING,5,77.5,87.8,0.5
21:21:49.106,116.172858,39.726649,NAVIGATING,5,77.2,87.1,1.1
21:21:50.108,116.172863,39.726640,NAVIGATING,5,76.7,86.2,1.6
21:21:51.110,116.172869,39.726632,NAVIGATING,5,76.2,85.3,2.2
21:21:52.112,116.172876,39.726624,NAVIGATING,5,75.5,84.4,2.7
21:21:53.114,116.172885,39.726617,NAVIGATING,5,74.7,83.4,3.2
21:21:54.117,116.172895,39.726610,NAVIGATING,5,73.9,82.3,3.5
21:21:55.118,116.172906,39.726604,NAVIGATING,5,73.0,81.2,3.8
21:21:56.121,116.172917,39.726599,NAVIGATING,5,72.0,80.0,4.1
21:21:57.123,116.172930,39.726593,NAVIGATING,5,70.9,78.8,4.2
21:21:58.126,116.172944,39.726589,NAVIGATING,5,69.8,77.5,4.3
21:21:59.128,116.172958,39.726585,NAVIGATING,5,68.6,76.2,4.4
21:22:00.130,116.172973,39.726582,NAVIGATING,5,67.3,74.9,4.5
21:22:01.132,116.172988,39.726579,NAVIGATING,5,66.0,73.6,4.4
21:22:02.134,116.173003,39.726577,NAVIGATING,5,64.7,72.4,4.4
21:22:03.136,116.173019,39.726575,NAVIGATING,5,63.4,71.1,4.3
21:22:04.138,116.173035,39.726574,NAVIGATING,5,62.1,69.8,4.2
21:22:05.140,116.173050,39.726574,NAVIGATING,5,60.7,68.6,4.0
21:22:06.142,116.173066,39.726573,NAVIGATING,5,59.4,67.4,3.8
21:22:07.144,116.173082,39.726573,NAVIGATING,5,58.0,66.2,3.6
21:22:08.147,116.173098,39.726573,NAVIGATING,5,56.7,65.0,3.4
21:22:09.149,116.173114,39.726573,NAVIGATING,5,55.3,63.8,3.2
21:22:10.150,116.173130,39.726574,NAVIGATING,5,54.0,62.7,3.1
21:22:11.151,116.173146,39.726575,NAVIGATING,5,52.6,61.6,3.0
21:22:12.154,116.173162,39.726576,NAVIGATING,5,51.2,60.5,2.8
21:22:13.156,116.173178,39.726577,NAVIGATING,5,49.8,59.4,2.5
21:22:14.158,116.173194,39.726578,NAVIGATING,5,48.5,58.3,2.1
21:22:15.160,116.173210,39.726578,NAVIGATING,5,47.1,57.2,1.9
21:22:16.162,116.173226,39.726579,NAVIGATING,5,45.7,56.1,1.9
21:22:17.164,116.173241,39.726580,NAVIGATING,5,44.4,55.1,1.6
21:22:18.167,116.173257,39.726580,NAVIGATING,5,43.1,54.1,1.4
21:22:19.169,116.173273,39.726580,NAVIGATING,5,41.7,53.0,1.2
21:22:20.173,116.173288,39.726580,NAVIGATING,5,40.4,52.0,0.8
21:22:21.176,116.173304,39.726580,NAVIGATING,5,39.1,50.9,0.6
21:22:22.178,116.173318,39.726579,NAVIGATING,5,37.8,49.9,0.5
21:22:23.179,116.173334,39.726578,NAVIGATING,5,36.5,48.8,0.4
21:22:24.181,116.173347,39.726577,NAVIGATING,5,35.4,47.9,0.4
21:22:25.182,116.173361,39.726575,NAVIGATING,5,34.3,46.9,0.7
21:22:26.185,116.173373,39.726573,NAVIGATING,5,33.3,46.0,0.7
21:22:27.186,116.173386,39.726571,NAVIGATING,5,32.2,45.0,0.8
21:22:28.189,116.173399,39.726570,NAVIGATING,5,31.1,44.2,0.7
21:22:29.206,116.173411,39.726569,NAVIGATING,5,30.1,43.4,0.8
21:22:30.208,116.173423,39.726569,NAVIGATING,5,29.1,42.7,0.9
21:22:31.210,116.173436,39.726568,NAVIGATING,5,28.0,41.8,0.7
21:22:32.213,116.173448,39.726567,NAVIGATING,5,27.0,41.1,0.3
21:22:33.215,116.173462,39.726566,NAVIGATING,5,25.9,40.2,0.2
21:22:34.217,116.173475,39.726565,NAVIGATING,5,24.8,39.5,0.3
21:22:35.219,116.173488,39.726564,NAVIGATING,5,23.8,38.7,0.2
21:22:36.220,116.173500,39.726564,NAVIGATING,5,22.7,38.1,0.5
21:22:37.222,116.173513,39.726563,NAVIGATING,5,21.7,37.4,0.5
21:22:38.225,116.173525,39.726563,NAVIGATING,5,20.6,36.7,0.3
21:22:39.227,116.173539,39.726563,NAVIGATING,5,19.5,36.2,0.7
21:22:40.229,116.173551,39.726564,NAVIGATING,5,18.5,35.7,1.1
21:22:41.231,116.173564,39.726565,NAVIGATING,5,17.4,35.3,1.1
21:22:42.233,116.173577,39.726566,NAVIGATING,5,16.4,34.8,0.8
21:22:43.235,116.173589,39.726566,NAVIGATING,5,15.3,34.4,0.6
21:22:44.238,116.173602,39.726567,NAVIGATING,,34.0,34.0,0.5
21:22:45.240,116.173615,39.726567,NAVIGATING,,33.6,33.6,0.2
21:22:46.242,116.173629,39.726567,NAVIGATING,,33.2,33.2,0.4
21:22:47.244,116.173642,39.726568,NAVIGATING,,32.9,32.9,0.5
21:22:48.246,116.173655,39.726568,NAVIGATING,,32.7,32.7,0.5
21:22:49.248,116.173668,39.726569,NAVIGATING,,32.4,32.4,0.5
21:22:50.249,116.173682,39.726570,NAVIGATING,,32.3,32.3,0.6
21:22:51.252,116.173695,39.726570,NAVIGATING,,32.1,32.1,0.6
21:22:52.254,116.173709,39.726571,NAVIGATING,,31.9,31.9,0.5
21:22:53.256,116.173724,39.726571,NAVIGATING,,31.8,31.8,0.4
21:22:54.258,116.173738,39.726570,NAVIGATING,,31.6,31.6,0.4
21:22:55.259,116.173751,39.726570,NAVIGATING,,31.6,31.6,0.2
21:22:56.262,116.173763,39.726570,NAVIGATING,,31.6,31.6,0.4
21:22:57.264,116.173774,39.726570,NAVIGATING,,31.6,31.6,0.9
21:22:58.267,116.173784,39.726571,NAVIGATING,,31.8,31.8,1.8
21:22:59.269,116.173790,39.726572,NAVIGATING,,31.9,31.9,2.5
21:23:00.271,116.173794,39.726574,NAVIGATING,,32.2,32.2,3.4
21:23:01.273,116.173801,39.726575,NAVIGATING,,32.3,32.3,4.2
21:23:02.274,116.173800,39.726577,NAVIGATING,,32.5,32.5,4.1
21:23:03.277,116.173800,39.726581,NAVIGATING,,33.0,33.0,4.3
21:23:04.279,116.173805,39.726583,NAVIGATING,,33.2,33.2,5.1
21:23:05.281,116.173807,39.726585,NAVIGATING,,33.5,33.5,4.9
21:23:06.283,116.173801,39.726589,NAVIGATING,,33.9,33.9,4.8
21:23:07.285,116.173803,39.726591,NAVIGATING,,34.1,34.1,5.7
21:23:08.288,116.173795,39.726593,NAVIGATING,,34.2,34.2,5.3
21:23:09.289,116.173788,39.726593,NAVIGATING,,34.2,34.2,4.8
21:23:10.291,116.173790,39.726594,NAVIGATING,,34.3,34.3,5.3
21:23:11.293,116.173782,39.726593,NAVIGATING,,34.2,34.2,4.6
21:23:12.295,116.173774,39.726591,NAVIGATING,,33.9,33.9,4.3
21:23:13.297,116.173777,39.726591,NAVIGATING,,34.0,34.0,4.8
21:23:14.299,116.173769,39.726588,NAVIGATING,,33.5,33.5,4.2
21:23:15.300,116.173762,39.726584,NAVIGATING,,33.2,33.2,3.8
21:23:16.303,116.173763,39.726584,NAVIGATING,,33.2,33.2,4.1
21:23:17.304,116.173756,39.726580,NAVIGATING,,32.7,32.7,3.5
21:23:18.306,116.173750,39.726576,NAVIGATING,,32.2,32.2,2.8
21:23:19.308,116.173748,39.726575,NAVIGATING,,32.1,32.1,2.8
21:23:20.310,116.173743,39.726571,NAVIGATING,,31.7,31.7,2.4
21:23:21.314,116.173738,39.726567,NAVIGATING,,31.3,31.3,2.1
21:23:22.316,116.173737,39.726565,NAVIGATING,,31.1,31.1,2.0
21:23:23.318,116.173733,39.726561,NAVIGATING,,30.7,30.7,1.6
21:23:24.319,116.173730,39.726559,NAVIGATING,,30.4,30.4,1.0
21:23:25.322,116.173728,39.726557,NAVIGATING,,30.3,30.3,0.8
21:23:26.324,116.173726,39.726555,NAVIGATING,,30.1,30.1,0.5
21:23:27.327,116.173724,39.726554,NAVIGATING,,30.0,30.0,0.4
21:23:28.329,116.173722,39.726553,NAVIGATING,,29.9,29.9,0.4
21:23:29.331,116.173720,39.726551,NAVIGATING,,29.7,29.7,0.4
21:23:30.334,116.173719,39.726550,NAVIGATING,,29.6,29.6,0.1
21:23:31.337,116.173717,39.726549,NAVIGATING,,29.4,29.4,0.3
21:23:32.339,116.173716,39.726546,NAVIGATING,,29.2,29.2,0.3
21:23:33.341,116.173715,39.726545,NAVIGATING,,29.1,29.1,0.2
21:23:34.344,116.173714,39.726544,NAVIGATING,,28.9,28.9,0.3
21:23:35.346,116.173713,39.726542,NAVIGATING,,28.8,28.8,0.6
21:23:36.349,116.173712,39.726541,NAVIGATING,,28.7,28.7,0.7
21:23:37.368,116.173711,39.726540,NAVIGATING,,28.6,28.6,0.8
21:23:38.372,116.173711,39.726540,NAVIGATING,,28.6,28.6,0.8
21:23:39.373,116.173712,39.726541,NAVIGATING,,28.6,28.6,0.8
21:23:40.376,116.173711,39.726540,NAVIGATING,,28.5,28.5,1.0
21:23:41.378,116.173712,39.726541,NAVIGATING,,28.6,28.6,0.9
21:23:42.380,116.173713,39.726541,NAVIGATING,,28.7,28.7,0.9
21:23:43.382,116.173713,39.726541,NAVIGATING,,28.6,28.6,1.1
21:23:44.384,116.173714,39.726542,NAVIGATING,,28.7,28.7,1.1
21:23:45.386,116.173715,39.726543,NAVIGATING,,28.8,28.8,1.0
21:23:46.388,116.173715,39.726543,NAVIGATING,,28.8,28.8,1.1
21:23:47.391,116.173717,39.726544,NAVIGATING,,28.9,28.9,1.0
21:23:48.392,116.173718,39.726545,NAVIGATING,,29.0,29.0,0.8
21:23:49.394,116.173718,39.726544,NAVIGATING,,29.0,29.0,0.9
21:23:50.397,116.173720,39.726546,NAVIGATING,,29.1,29.1,0.8
21:23:51.399,116.173721,39.726546,NAVIGATING,,29.1,29.1,0.7
21:23:52.402,116.173721,39.726547,NAVIGATING,,29.2,29.2,0.8
21:23:53.403,116.173723,39.726548,NAVIGATING,,29.3,29.3,0.7
21:23:54.405,116.173724,39.726549,NAVIGATING,,29.4,29.4,0.6
21:23:55.408,116.173724,39.726549,NAVIGATING,,29.4,29.4,0.6
21:23:56.410,116.173725,39.726549,NAVIGATING,,29.4,29.4,0.6
21:23:57.411,116.173726,39.726550,NAVIGATING,,29.5,29.5,0.4
21:23:58.413,116.173726,39.726550,NAVIGATING,,29.5,29.5,0.3
21:23:59.416,116.173728,39.726551,NAVIGATING,,29.6,29.6,0.3
21:24:00.417,116.173728,39.726552,NAVIGATING,,29.7,29.7,0.2
21:24:01.420,116.173729,39.726552,NAVIGATING,,29.7,29.7,0.2
21:24:02.422,116.173730,39.726552,NAVIGATING,,29.7,29.7,0.3
21:24:03.424,116.173731,39.726552,NAVIGATING,,29.7,29.7,0.2
21:24:04.425,116.173731,39.726552,NAVIGATING,,29.7,29.7,0.2
21:24:05.427,116.173732,39.726553,NAVIGATING,,29.8,29.8,0.1
21:24:06.429,116.173734,39.726554,NAVIGATING,,29.9,29.9,0.4
21:24:07.431,116.173736,39.726554,NAVIGATING,,29.9,29.9,1.2
21:24:08.433,116.173742,39.726553,NAVIGATING,,29.7,29.7,1.7
21:24:09.436,116.173748,39.726551,NAVIGATING,,29.5,29.5,1.9
21:24:10.437,116.173752,39.726550,NAVIGATING,,29.4,29.4,2.5
21:24:11.447,116.173761,39.726549,NAVIGATING,,29.2,29.2,2.6
21:24:12.449,116.173771,39.726547,NAVIGATING,,29.0,29.0,2.8
21:24:13.451,116.173777,39.726546,NAVIGATING,,28.9,28.9,3.5
21:24:14.454,116.173787,39.726535,NAVIGATING,,27.7,27.7,5.1
21:24:15.456,116.173797,39.726522,NAVIGATING,,26.4,26.4,5.5
21:24:16.457,116.173801,39.726514,NAVIGATING,,25.6,25.6,10.7
21:24:17.459,116.173804,39.726487,NAVIGATING,,22.6,22.6,10.6
21:24:18.462,116.173809,39.726457,NAVIGATING,,19.5,19.5,11.5
21:24:19.464,116.173819,39.726418,NAVIGATING,,15.5,15.5,12.4
21:24:20.467,116.173826,39.726391,NAVIGATING,,12.9,12.9,11.9
21:24:21.469,116.173838,39.726366,NAVIGATING,,11.1,11.1,9.5
21:24:22.471,116.173852,39.726344,NAVIGATING,,10.2,10.2,9.4
21:24:23.474,116.173865,39.726321,NAVIGATING,,9.8,9.8,9.0
21:24:24.475,116.173876,39.726298,NAVIGATING,,10.0,10.0,7.7
21:24:25.477,116.173885,39.726275,NAVIGATING,,10.8,10.8,7.2
21:24:26.479,116.173894,39.726253,NAVIGATING,,12.0,12.0,7.3
21:24:27.481,116.173903,39.726230,NAVIGATING,,13.7,13.7,6.9
21:24:28.483,116.173910,39.726211,NAVIGATING,,15.3,15.3,6.9
21:24:29.485,116.173911,39.726180,NAVIGATING,,17.5,17.5,12.2
21:24:30.487,116.173914,39.726160,NAVIGATING,,19.2,19.2,13.6
21:24:31.489,116.173910,39.726129,NAVIGATING,,21.6,21.6,13.6
21:24:32.491,116.173895,39.726083,NAVIGATING,,25.4,25.4,21.2
21:24:33.493,116.173877,39.726038,NAVIGATING,,29.3,29.3,21.3
21:24:34.496,116.173862,39.726002,NAVIGATING,,32.8,32.8,22.4
21:24:35.497,116.173835,39.725951,NAVIGATING,,37.8,37.8,23.4
21:24:36.500,116.173817,39.725911,NAVIGATING,,42.0,42.0,25.1
21:24:37.502,116.173784,39.725856,NAVIGATING,,47.9,47.9,24.7
21:24:38.505,116.173759,39.725811,NAVIGATING,,52.8,52.8,27.3
21:24:39.507,116.173712,39.725750,NAVIGATING,,59.8,59.8,25.6
21:24:40.509,116.173675,39.725697,NAVIGATING,,65.9,65.9,25.3
21:24:41.511,116.173658,39.725662,NAVIGATING,,70.0,70.0,23.9
21:24:42.513,116.173607,39.725601,NAVIGATING,,77.3,77.3,21.2
21:24:43.516,116.173562,39.725544,NAVIGATING,,84.2,84.2,19.2
21:24:44.518,116.173509,39.725485,NAVIGATING,,91.6,91.6,19.9
21:24:45.520,116.173463,39.725430,NAVIGATING,,98.6,98.6,17.8
21:24:46.522,116.173412,39.725373,NAVIGATING,,105.8,105.8,15.3
21:24:47.525,116.173376,39.725324,NAVIGATING,,111.9,111.9,15.3
21:24:48.528,116.173331,39.725268,NAVIGATING,,118.9,118.9,13.5
21:24:49.530,116.173282,39.725213,NAVIGATING,,126.1,126.1,11.5
21:24:50.532,116.173239,39.725151,NAVIGATING,,133.8,133.8,11.0
21:24:51.536,116.173200,39.725094,NAVIGATING,,141.0,141.0,9.5
21:24:52.538,116.173161,39.725038,NAVIGATING,,148.0,148.0,8.1
21:24:53.540,116.173124,39.724975,NAVIGATING,,155.6,155.6,11.0
21:24:54.542,116.173088,39.724916,NAVIGATING,,162.8,162.8,10.0
21:24:55.544,116.173056,39.724864,NAVIGATING,,169.2,169.2,9.7
21:24:56.546,116.173013,39.724809,NAVIGATING,,176.2,176.2,9.0
21:24:57.548,116.172973,39.724755,NAVIGATING,,183.0,183.0,8.5
21:24:58.550,116.172935,39.724705,NAVIGATING,,189.4,189.4,8.2
21:24:59.553,116.172895,39.724654,NAVIGATING,,196.0,196.0,6.1
21:25:00.554,116.172852,39.724604,NAVIGATING,,202.6,202.6,5.7
21:25:01.557,116.172812,39.724556,NAVIGATING,,208.8,208.8,5.7
21:25:02.559,116.172766,39.724507,NAVIGATING,,215.3,215.3,7.0
21:25:03.561,116.172716,39.724463,NAVIGATING,,221.5,221.5,6.3
21:25:04.564,116.172663,39.724417,NAVIGATING,,228.0,228.0,5.4
21:25:05.566,116.172613,39.724369,NAVIGATING,,234.7,234.7,9.0
21:25:06.568,116.172555,39.724324,NAVIGATING,,241.3,241.3,8.3
21:25:07.570,116.172494,39.724278,NAVIGATING,,248.1,248.1,7.3
21:25:08.572,116.172441,39.724240,NAVIGATING,,253.9,253.9,6.8
21:25:09.574,116.172441,39.724240,NAVIGATING,,253.9,253.9,6.8
21:25:10.576,116.172441,39.724240,NAVIGATING,,253.9,253.9,6.8
21:25:11.579,116.172441,39.724240,NAVIGATING,,253.9,253.9,6.8
21:25:12.581,116.172441,39.724240,NAVIGATING,,253.9,253.9,6.8
21:25:13.584,116.172441,39.724240,NAVIGATING,,253.9,253.9,6.8
21:25:14.586,116.172441,39.724240,NAVIGATING,,253.9,253.9,6.8
21:25:15.589,116.172441,39.724240,NAVIGATING,,253.9,253.9,6.8
21:25:16.591,116.172441,39.724240,NAVIGATING,,253.9,253.9,6.8
21:25:17.594,116.172441,39.724240,NAVIGATING,,253.9,253.9,6.8
21:25:18.597,116.172441,39.724240,NAVIGATING,,253.9,253.9,6.8
21:25:19.599,116.172441,39.724240,NAVIGATING,,253.9,253.9,6.4
21:25:20.600,116.171958,39.723696,NAVIGATING,,326.6,326.6,99.7
21:25:21.602,116.171955,39.723697,NAVIGATING,,326.7,326.7,147.6
21:25:22.604,116.172204,39.723991,NAVIGATING,,287.8,287.8,131.3
21:25:23.606,116.172542,39.724370,NAVIGATING,,237.1,237.1,104.0
21:25:24.608,116.172659,39.724491,NAVIGATING,,220.7,220.7,90.9
21:25:25.610,116.172854,39.724681,NAVIGATING,,194.5,194.5,71.7
21:25:26.612,116.173025,39.724852,NAVIGATING,,171.4,171.4,61.4
21:25:27.614,116.173093,39.724920,NAVIGATING,,162.3,162.3,65.5
21:25:28.616,116.173222,39.725054,NAVIGATING,,144.5,144.5,53.5
21:25:29.618,116.173295,39.725120,NAVIGATING,,135.6,135.6,53.4
21:25:30.620,116.173384,39.725200,NAVIGATING,,125.0,125.0,48.9
21:25:31.622,116.173479,39.725290,NAVIGATING,,113.4,113.4,40.7
21:25:32.625,116.173549,39.725357,NAVIGATING,,104.9,104.9,34.2
21:25:33.627,116.173616,39.725421,NAVIGATING,,97.0,97.0,27.1
21:25:34.628,116.173680,39.725483,NAVIGATING,,89.5,89.5,20.9
21:25:35.630,116.173733,39.725535,NAVIGATING,,83.5,83.5,15.8
21:25:36.636,116.173783,39.725586,NAVIGATING,,77.9,77.9,10.7
21:25:37.638,116.173826,39.725630,NAVIGATING,,73.2,73.2,6.0
21:25:38.640,116.173865,39.725670,NAVIGATING,,69.1,69.1,1.9
21:25:39.647,116.173898,39.725704,NAVIGATING,,65.8,65.8,2.3
21:25:40.650,116.173927,39.725736,NAVIGATING,,62.8,62.8,5.4
21:25:41.652,116.173952,39.725763,NAVIGATING,,60.4,60.4,8.3
21:25:42.654,116.173972,39.725787,NAVIGATING,,58.4,58.4,10.7
21:25:43.656,116.173987,39.725805,NAVIGATING,,56.9,56.9,12.4
21:25:44.658,116.173999,39.725820,NAVIGATING,,55.7,55.7,13.8
21:25:45.660,116.174009,39.725835,NAVIGATING,,54.5,54.5,15.2
21:25:46.662,116.174016,39.725845,NAVIGATING,,53.7,53.7,16.1
21:25:47.665,116.174020,39.725854,NAVIGATING,,52.9,52.9,16.7
21:25:48.667,116.174023,39.725860,NAVIGATING,,52.4,52.4,16.9
21:25:49.668,116.174025,39.725867,NAVIGATING,,51.8,51.8,17.3
21:25:50.671,116.174021,39.725867,NAVIGATING,,51.6,51.6,16.8
21:25:51.673,116.174019,39.725870,NAVIGATING,,51.3,51.3,16.7
21:25:52.675,116.174017,39.725872,NAVIGATING,,51.0,51.0,16.5
21:25:53.676,116.174010,39.725869,NAVIGATING,,51.0,51.0,15.6
21:25:54.679,116.174005,39.725868,NAVIGATING,,50.9,50.9,15.1
21:25:55.682,116.173998,39.725866,NAVIGATING,,51.0,51.0,14.4
21:25:56.683,116.173990,39.725862,NAVIGATING,,51.1,51.1,13.3
21:25:57.685,116.173983,39.725859,NAVIGATING,,51.2,51.2,12.6
21:25:58.686,116.173976,39.725856,NAVIGATING,,51.3,51.3,11.9
21:25:59.690,116.173969,39.725852,NAVIGATING,,51.4,51.4,11.0
21:26:00.692,116.173964,39.725850,NAVIGATING,,51.5,51.5,10.3
21:26:01.693,116.173957,39.725847,NAVIGATING,,51.7,51.7,9.6
21:26:02.694,116.173952,39.725845,NAVIGATING,,51.7,51.7,8.9
21:26:03.696,116.173946,39.725841,NAVIGATING,,51.9,51.9,8.1
21:26:04.698,116.173940,39.725839,NAVIGATING,,52.1,52.1,7.4
21:26:05.701,116.173933,39.725834,NAVIGATING,,52.4,52.4,6.5
21:26:06.702,116.173927,39.725831,NAVIGATING,,52.6,52.6,5.7
21:26:07.704,116.173922,39.725827,NAVIGATING,,52.8,52.8,5.0
21:26:08.707,116.173917,39.725825,NAVIGATING,,53.0,53.0,4.4
21:26:09.709,116.173913,39.725823,NAVIGATING,,53.2,53.2,3.7
21:26:10.711,116.173909,39.725821,NAVIGATING,,53.3,53.3,3.2
21:26:11.714,116.173905,39.725820,NAVIGATING,,53.3,53.3,2.7
21:26:12.716,116.173902,39.725818,NAVIGATING,,53.4,53.4,2.2
21:26:13.719,116.173899,39.725817,NAVIGATING,,53.5,53.5,1.7
21:26:14.721,116.173896,39.725817,NAVIGATING,,53.5,53.5,1.3
21:26:15.724,116.173894,39.725816,NAVIGATING,,53.5,53.5,1.0
21:26:16.726,116.173892,39.725816,NAVIGATING,,53.5,53.5,0.6
21:26:17.728,116.173890,39.725816,NAVIGATING,,53.4,53.4,0.4
21:26:18.730,116.173888,39.725817,NAVIGATING,,53.3,53.3,0.2
21:26:19.737,116.173887,39.725817,NAVIGATING,,53.2,53.2,0.2
21:26:20.740,116.173886,39.725818,NAVIGATING,,53.1,53.1,0.3
21:26:21.741,116.173885,39.725819,NAVIGATING,,53.0,53.0,0.4
21:26:22.745,116.173885,39.725820,NAVIGATING,,52.9,52.9,0.5
21:26:23.747,116.173885,39.725821,NAVIGATING,,52.8,52.8,0.5
21:26:24.749,116.173885,39.725822,NAVIGATING,,52.6,52.6,0.6
21:26:25.751,116.173884,39.725824,NAVIGATING,,52.5,52.5,0.6
21:26:26.753,116.173885,39.725825,NAVIGATING,,52.4,52.4,0.6
21:26:27.756,116.173885,39.725826,NAVIGATING,,52.2,52.2,0.6
21:26:28.757,116.173885,39.725828,NAVIGATING,,52.1,52.1,0.6
21:26:29.760,116.173885,39.725829,NAVIGATING,,51.9,51.9,0.6
21:26:30.762,116.173886,39.725830,NAVIGATING,,51.8,51.8,0.6
21:26:31.763,116.173886,39.725831,NAVIGATING,,51.7,51.7,0.6
21:26:32.766,116.173886,39.725833,NAVIGATING,,51.6,51.6,0.5
21:26:33.768,116.173887,39.725834,NAVIGATING,,51.4,51.4,0.5
21:26:34.771,116.173887,39.725835,NAVIGATING,,51.4,51.4,0.5
21:26:35.773,116.173888,39.725835,NAVIGATING,,51.3,51.3,0.4
21:26:36.775,116.173888,39.725836,NAVIGATING,,51.2,51.2,0.4
21:26:37.777,116.173889,39.725837,NAVIGATING,,51.2,51.2,0.4
21:26:38.780,116.173889,39.725837,NAVIGATING,,51.1,51.1,0.5
21:26:39.783,116.173890,39.725837,NAVIGATING,,51.1,51.1,0.4
21:26:40.785,116.173890,39.725838,NAVIGATING,,51.1,51.1,0.4
21:26:41.787,116.173891,39.725838,NAVIGATING,,51.1,51.1,0.5
21:26:42.789,116.173891,39.725838,NAVIGATING,,51.1,51.1,0.5
21:26:43.792,116.173892,39.725838,NAVIGATING,,51.1,51.1,0.4
21:26:44.794,116.173892,39.725838,NAVIGATING,,51.1,51.1,0.4
21:26:45.796,116.173892,39.725838,NAVIGATING,,51.1,51.1,0.4
21:26:46.799,116.173893,39.725837,NAVIGATING,,51.2,51.2,0.4
21:26:47.800,116.173893,39.725837,NAVIGATING,,51.2,51.2,0.4
21:26:48.803,116.173893,39.725837,NAVIGATING,,51.2,51.2,0.4
21:26:49.806,116.173893,39.725837,NAVIGATING,,51.2,51.2,0.4
21:26:50.808,116.173894,39.725837,NAVIGATING,,51.3,51.3,0.4
21:26:51.810,116.173894,39.725836,NAVIGATING,,51.3,51.3,0.4
21:26:52.813,116.173894,39.725836,NAVIGATING,,51.3,51.3,0.3
21:26:53.816,116.173894,39.725836,NAVIGATING,,51.3,51.3,0.2
21:26:54.818,116.173894,39.725836,NAVIGATING,,51.4,51.4,0.2
21:26:55.819,116.173894,39.725836,NAVIGATING,,51.4,51.4,0.0
21:26:56.821,116.173895,39.725836,NAVIGATING,,51.3,51.3,0.1
21:26:57.824,116.173895,39.725836,NAVIGATING,,51.3,51.3,0.1
21:26:58.826,116.173895,39.725836,NAVIGATING,,51.3,51.3,0.1
21:26:59.828,116.173896,39.725837,NAVIGATING,,51.3,51.3,0.1
21:27:00.830,116.173896,39.725838,NAVIGATING,,51.2,51.2,0.5
21:27:01.838,116.173896,39.725839,NAVIGATING,,51.0,51.0,0.7
21:27:02.841,116.173896,39.725841,NAVIGATING,,50.9,50.9,0.9
21:27:03.842,116.173897,39.725842,NAVIGATING,,50.7,50.7,0.9
21:27:04.846,116.173897,39.725844,NAVIGATING,,50.5,50.5,0.9
21:27:05.848,116.173897,39.725847,NAVIGATING,,50.2,50.2,0.9
21:27:06.849,116.173898,39.725848,NAVIGATING,,50.1,50.1,0.7
21:27:07.852,116.173898,39.725850,NAVIGATING,,49.9,49.9,0.6
21:27:08.854,116.173898,39.725852,NAVIGATING,,49.7,49.7,0.4
21:27:09.856,116.173898,39.725853,NAVIGATING,,49.5,49.5,0.3
21:27:10.858,116.173898,39.725855,NAVIGATING,,49.4,49.4,0.2
21:27:11.861,116.173898,39.725856,NAVIGATING,,49.3,49.3,0.1
21:27:12.862,116.173898,39.725857,NAVIGATING,,49.2,49.2,0.1
21:27:13.865,116.173898,39.725858,NAVIGATING,,49.0,49.0,0.2
21:27:14.866,116.173898,39.725859,NAVIGATING,,49.0,49.0,0.2
21:27:15.868,116.173898,39.725859,NAVIGATING,,48.9,48.9,0.3
21:27:16.870,116.173898,39.725860,NAVIGATING,,48.8,48.8,0.4
21:27:17.872,116.173898,39.725860,NAVIGATING,,48.8,48.8,0.5
21:27:18.874,116.173897,39.725860,NAVIGATING,,48.8,48.8,0.4
21:27:19.876,116.173897,39.725861,NAVIGATING,,48.7,48.7,0.4
21:27:20.878,116.173897,39.725861,NAVIGATING,,48.7,48.7,0.4
21:27:21.880,116.173897,39.725861,NAVIGATING,,48.7,48.7,0.4
21:27:22.881,116.173897,39.725861,NAVIGATING,,48.7,48.7,0.5
21:27:23.883,116.173897,39.725861,NAVIGATING,,48.7,48.7,0.4
21:27:24.886,116.173897,39.725861,NAVIGATING,,48.7,48.7,0.4
21:27:25.888,116.173896,39.725861,NAVIGATING,,48.7,48.7,0.3
21:27:26.890,116.173896,39.725861,NAVIGATING,,48.7,48.7,0.4
21:27:27.892,116.173896,39.725860,NAVIGATING,,48.7,48.7,0.5
21:27:28.895,116.173895,39.725860,NAVIGATING,,48.7,48.7,0.4
21:27:29.896,116.173895,39.725860,NAVIGATING,,48.8,48.8,0.4
21:27:30.897,116.173895,39.725860,NAVIGATING,,48.8,48.8,0.3
21:27:31.899,116.173895,39.725860,NAVIGATING,,48.8,48.8,0.3
21:27:32.901,116.173894,39.725859,NAVIGATING,,48.8,48.8,0.3
21:27:33.904,116.173894,39.725859,NAVIGATING,,48.8,48.8,0.3
21:27:34.905,116.173894,39.725859,NAVIGATING,,48.9,48.9,0.3
21:27:35.909,116.173894,39.725858,NAVIGATING,,48.9,48.9,0.3
21:27:36.910,116.173894,39.725858,NAVIGATING,,49.0,49.0,0.2
21:27:37.913,116.173895,39.725858,NAVIGATING,,49.0,49.0,0.2
21:27:38.915,116.173895,39.725858,NAVIGATING,,49.0,49.0,0.2
21:27:39.917,116.173895,39.725858,NAVIGATING,,49.0,49.0,0.1
21:27:40.919,116.173895,39.725857,NAVIGATING,,49.0,49.0,0.1
21:27:41.921,116.173895,39.725857,NAVIGATING,,49.1,49.1,0.2
21:27:42.923,116.173896,39.725857,NAVIGATING,,49.1,49.1,0.1
21:27:43.925,116.173896,39.725857,NAVIGATING,,49.1,49.1,0.2
21:27:44.929,116.173896,39.725857,NAVIGATING,,49.1,49.1,0.1
21:27:45.931,116.173897,39.725857,NAVIGATING,,49.1,49.1,0.2
21:27:46.933,116.173897,39.725856,NAVIGATING,,49.2,49.2,0.2
21:27:47.940,116.173897,39.725856,NAVIGATING,,49.2,49.2,0.2
21:27:48.941,116.173898,39.725856,NAVIGATING,,49.3,49.3,0.2
21:27:49.943,116.173898,39.725855,NAVIGATING,,49.3,49.3,0.2
21:27:50.950,116.173899,39.725855,NAVIGATING,,49.4,49.4,0.2
21:27:51.952,116.173899,39.725855,NAVIGATING,,49.4,49.4,0.1
21:27:52.954,116.173899,39.725854,NAVIGATING,,49.4,49.4,0.1
21:27:53.955,116.173900,39.725854,NAVIGATING,,49.5,49.5,0.1
21:27:54.957,116.173900,39.725854,NAVIGATING,,49.5,49.5,0.1
21:27:55.959,116.173901,39.725854,NAVIGATING,,49.5,49.5,0.1
21:27:56.961,116.173901,39.725854,NAVIGATING,,49.6,49.6,0.1
21:27:57.963,116.173902,39.725853,NAVIGATING,,49.6,49.6,0.2
21:27:58.966,116.173902,39.725853,NAVIGATING,,49.7,49.7,0.2
21:27:59.968,116.173903,39.725852,NAVIGATING,,49.8,49.8,0.2
21:28:00.969,116.173903,39.725852,NAVIGATING,,49.8,49.8,0.1
21:28:01.971,116.173904,39.725851,NAVIGATING,,49.9,49.9,0.1
21:28:02.973,116.173904,39.725851,NAVIGATING,,49.9,49.9,0.0
21:28:03.975,116.173904,39.725851,NAVIGATING,,49.9,49.9,0.0
21:28:04.977,116.173905,39.725851,NAVIGATING,,50.0,50.0,0.1
21:28:05.979,116.173905,39.725851,NAVIGATING,,50.0,50.0,0.1
21:28:06.980,116.173905,39.725851,NAVIGATING,,50.0,50.0,0.3
21:28:07.982,116.173905,39.725851,NAVIGATING,,49.9,49.9,0.4
21:28:08.984,116.173906,39.725852,NAVIGATING,,49.9,49.9,0.4
21:28:09.986,116.173906,39.725852,NAVIGATING,,49.8,49.8,0.4
21:28:10.988,116.173906,39.725853,NAVIGATING,,49.7,49.7,0.5
21:28:11.990,116.173906,39.725854,NAVIGATING,,49.7,49.7,0.5
21:28:12.993,116.173906,39.725855,NAVIGATING,,49.6,49.6,0.5
21:28:13.995,116.173906,39.725856,NAVIGATING,,49.4,49.4,0.7
21:28:14.996,116.173906,39.725857,NAVIGATING,,49.3,49.3,0.6
21:28:15.997,116.173906,39.725858,NAVIGATING,,49.1,49.1,0.6
21:28:17.000,116.173906,39.725860,NAVIGATING,,49.0,49.0,0.6
21:28:18.001,116.173906,39.725861,NAVIGATING,,48.9,48.9,0.5
21:28:19.003,116.173906,39.725862,NAVIGATING,,48.7,48.7,0.4
21:28:20.005,116.173905,39.725863,NAVIGATING,,48.6,48.6,0.4
21:28:21.006,116.173905,39.725864,NAVIGATING,,48.5,48.5,0.3
21:28:22.008,116.173904,39.725865,NAVIGATING,,48.4,48.4,0.3
21:28:23.010,116.173904,39.725866,NAVIGATING,,48.3,48.3,0.3
21:28:24.012,116.173903,39.725867,NAVIGATING,,48.1,48.1,0.3
21:28:25.013,116.173903,39.725868,NAVIGATING,,48.0,48.0,0.3
21:28:26.015,116.173902,39.725869,NAVIGATING,,47.9,47.9,0.3
21:28:27.018,116.173901,39.725870,NAVIGATING,,47.8,47.8,0.3
21:28:28.019,116.173901,39.725871,NAVIGATING,,47.7,47.7,0.3
21:28:29.021,116.173900,39.725871,NAVIGATING,,47.6,47.6,0.2
21:28:30.023,116.173899,39.725872,NAVIGATING,,47.5,47.5,0.2
21:28:31.024,116.173898,39.725873,NAVIGATING,,47.5,47.5,0.2
21:28:32.027,116.173898,39.725873,NAVIGATING,,47.4,47.4,0.2
21:28:33.029,116.173897,39.725874,NAVIGATING,,47.3,47.3,0.2
21:28:34.031,116.173897,39.725874,NAVIGATING,,47.3,47.3,0.2
21:28:35.033,116.173896,39.725875,NAVIGATING,,47.2,47.2,0.2
21:28:36.040,116.173895,39.725875,NAVIGATING,,47.2,47.2,0.2
21:28:37.042,116.173895,39.725875,NAVIGATING,,47.1,47.1,0.2
21:28:38.045,116.173894,39.725876,NAVIGATING,,47.1,47.1,0.2
21:28:39.046,116.173894,39.725876,NAVIGATING,,47.0,47.0,0.2
21:28:40.048,116.173893,39.725876,NAVIGATING,,47.0,47.0,0.2
21:28:41.051,116.173893,39.725876,NAVIGATING,,47.0,47.0,0.3
21:28:42.052,116.173892,39.725876,NAVIGATING,,47.0,47.0,0.3
21:28:43.054,116.173892,39.725876,NAVIGATING,,47.0,47.0,0.4
21:28:44.056,116.173892,39.725876,NAVIGATING,,47.0,47.0,0.4
21:28:45.058,116.173892,39.725875,NAVIGATING,,47.0,47.0,0.4
21:28:46.060,116.173891,39.725875,NAVIGATING,,47.1,47.1,0.4
21:28:47.063,116.173891,39.725874,NAVIGATING,,47.1,47.1,0.4
21:28:48.065,116.173891,39.725874,NAVIGATING,,47.2,47.2,0.4
21:28:49.066,116.173891,39.725873,NAVIGATING,,47.2,47.2,0.4
21:28:50.069,116.173890,39.725873,NAVIGATING,,47.3,47.3,0.4
21:28:51.071,116.173890,39.725872,NAVIGATING,,47.3,47.3,0.3
21:28:52.074,116.173890,39.725872,NAVIGATING,,47.4,47.4,0.3
21:28:53.076,116.173890,39.725871,NAVIGATING,,47.4,47.4,0.2
21:28:54.079,116.173889,39.725871,NAVIGATING,,47.5,47.5,0.2
21:28:55.080,116.173889,39.725871,NAVIGATING,,47.5,47.5,0.2
21:28:56.082,116.173889,39.725870,NAVIGATING,,47.5,47.5,0.2
21:28:57.085,116.173888,39.725870,NAVIGATING,,47.6,47.6,0.1
21:28:58.087,116.173888,39.725869,NAVIGATING,,47.6,47.6,0.1
21:28:59.088,116.173888,39.725869,NAVIGATING,,47.6,47.6,0.1
21:29:00.091,116.173888,39.725869,NAVIGATING,,47.6,47.6,0.1
21:29:01.092,116.173888,39.725869,NAVIGATING,,47.7,47.7,0.1
21:29:02.095,116.173888,39.725869,NAVIGATING,,47.7,47.7,0.2
21:29:03.097,116.173888,39.725869,NAVIGATING,,47.7,47.7,0.2
21:29:04.101,116.173888,39.725868,NAVIGATING,,47.7,47.7,0.1
21:29:05.103,116.173888,39.725868,NAVIGATING,,47.7,47.7,0.1
21:29:06.104,116.173888,39.725868,NAVIGATING,,47.8,47.8,0.1
21:29:07.106,116.173889,39.725868,NAVIGATING,,47.8,47.8,0.1
21:29:08.108,116.173889,39.725868,NAVIGATING,,47.8,47.8,0.1
21:29:09.109,116.173889,39.725868,NAVIGATING,,47.8,47.8,0.1
21:29:10.112,116.173889,39.725868,NAVIGATING,,47.8,47.8,0.1
21:29:11.113,116.173889,39.725868,NAVIGATING,,47.8,47.8,0.2
21:29:12.116,116.173890,39.725868,NAVIGATING,,47.8,47.8,0.1
21:29:13.117,116.173890,39.725867,NAVIGATING,,47.9,47.9,0.2
21:29:14.119,116.173890,39.725867,NAVIGATING,,47.9,47.9,0.2
21:29:15.121,116.173891,39.725867,NAVIGATING,,47.9,47.9,0.2
21:29:16.123,116.173891,39.725866,NAVIGATING,,48.0,48.0,0.2
21:29:17.126,116.173891,39.725866,NAVIGATING,,48.0,48.0,0.1
21:29:18.127,116.173891,39.725866,NAVIGATING,,48.1,48.1,0.1
21:29:19.129,116.173892,39.725865,NAVIGATING,,48.1,48.1,0.1
21:29:20.132,116.173892,39.725865,NAVIGATING,,48.2,48.2,0.1
21:29:21.134,116.173892,39.725864,NAVIGATING,,48.2,48.2,0.1
21:29:22.136,116.173892,39.725864,NAVIGATING,,48.3,48.3,0.1
21:29:23.137,116.173893,39.725864,NAVIGATING,,48.3,48.3,0.1
21:29:24.139,116.173893,39.725863,NAVIGATING,,48.4,48.4,0.1
21:29:25.141,116.173893,39.725863,NAVIGATING,,48.4,48.4,0.1
21:29:26.143,116.173893,39.725862,NAVIGATING,,48.5,48.5,0.1
21:29:27.145,116.173893,39.725862,NAVIGATING,,48.5,48.5,0.1
21:29:28.146,116.173893,39.725861,NAVIGATING,,48.6,48.6,0.1
21:29:29.149,116.173893,39.725861,NAVIGATING,,48.6,48.6,0.1
21:29:30.151,116.173893,39.725860,NAVIGATING,,48.7,48.7,0.0
21:29:31.153,116.173894,39.725860,NAVIGATING,,48.7,48.7,0.1
21:29:32.155,116.173894,39.725860,NAVIGATING,,48.7,48.7,0.1
21:29:33.157,116.173894,39.725860,NAVIGATING,,48.8,48.8,0.1
21:29:34.158,116.173894,39.725859,NAVIGATING,,48.8,48.8,0.1
21:29:35.161,116.173894,39.725859,NAVIGATING,,48.8,48.8,0.1
21:29:36.163,116.173893,39.725859,NAVIGATING,,48.8,48.8,0.2
21:29:37.165,116.173894,39.725859,NAVIGATING,,48.8,48.8,0.2
21:29:38.167,116.173893,39.725859,NAVIGATING,,48.8,48.8,0.2
21:29:39.168,116.173893,39.725860,NAVIGATING,,48.8,48.8,0.3
21:29:40.171,116.173893,39.725860,NAVIGATING,,48.7,48.7,0.4
21:29:41.174,116.173893,39.725861,NAVIGATING,,48.7,48.7,0.4
21:29:42.176,116.173893,39.725861,NAVIGATING,,48.6,48.6,0.4
21:29:43.178,116.173893,39.725862,NAVIGATING,,48.5,48.5,0.4
21:29:44.181,116.173892,39.725862,NAVIGATING,,48.4,48.4,0.4
21:29:45.182,116.173892,39.725863,NAVIGATING,,48.4,48.4,0.3
21:29:46.184,116.173892,39.725864,NAVIGATING,,48.3,48.3,0.3
21:29:47.186,116.173891,39.725864,NAVIGATING,,48.2,48.2,0.3
21:29:48.189,116.173891,39.725865,NAVIGATING,,48.2,48.2,0.2
21:29:49.191,116.173891,39.725865,NAVIGATING,,48.1,48.1,0.2
21:29:50.193,116.173891,39.725866,NAVIGATING,,48.1,48.1,0.2
21:29:51.195,116.173890,39.725866,NAVIGATING,,48.0,48.0,0.2
21:29:52.199,116.173890,39.725867,NAVIGATING,,47.9,47.9,0.2
21:29:53.201,116.173890,39.725868,NAVIGATING,,47.8,47.8,0.3
21:29:54.203,116.173890,39.725868,NAVIGATING,,47.8,47.8,0.3
21:29:55.206,116.173890,39.725869,NAVIGATING,,47.7,47.7,0.2
21:29:56.209,116.173890,39.725870,NAVIGATING,,47.6,47.6,0.2
21:29:57.212,116.173890,39.725870,NAVIGATING,,47.5,47.5,0.1
21:29:58.214,116.173890,39.725871,NAVIGATING,,47.5,47.5,0.1
21:29:59.216,116.173890,39.725872,NAVIGATING,,47.4,47.4,0.1
21:30:00.218,116.173891,39.725872,NAVIGATING,,47.3,47.3,0.2
21:30:01.220,116.173891,39.725873,NAVIGATING,,47.3,47.3,0.2
21:30:02.222,116.173891,39.725874,NAVIGATING,,47.2,47.2,0.2
21:30:03.224,116.173891,39.725875,NAVIGATING,,47.1,47.1,0.2
21:30:04.226,116.173891,39.725876,NAVIGATING,,47.0,47.0,0.2
21:30:05.229,116.173891,39.725877,NAVIGATING,,46.9,46.9,0.2
21:30:06.230,116.173891,39.725877,NAVIGATING,,46.8,46.8,0.2
21:30:07.233,116.173891,39.725878,NAVIGATING,,46.7,46.7,0.1
21:30:08.235,116.173891,39.725879,NAVIGATING,,46.6,46.6,0.1
21:30:09.237,116.173890,39.725880,NAVIGATING,,46.5,46.5,0.1
21:30:10.242,116.173890,39.725881,NAVIGATING,,46.4,46.4,0.1
21:30:11.244,116.173890,39.725881,NAVIGATING,,46.3,46.3,0.1
21:30:12.245,116.173889,39.725882,NAVIGATING,,46.2,46.2,0.1
21:30:13.246,116.173889,39.725883,NAVIGATING,,46.1,46.1,0.1
21:30:14.248,116.173889,39.725884,NAVIGATING,,46.0,46.0,0.1
21:30:15.250,116.173888,39.725885,NAVIGATING,,45.9,45.9,0.1
21:30:16.252,116.173888,39.725886,NAVIGATING,,45.8,45.8,0.1
21:30:17.254,116.173888,39.725887,NAVIGATING,,45.7,45.7,0.1
21:30:18.256,116.173888,39.725888,NAVIGATING,,45.6,45.6,0.2
21:30:19.258,116.173887,39.725889,NAVIGATING,,45.5,45.5,0.2
21:30:20.260,116.173887,39.725890,NAVIGATING,,45.4,45.4,0.1
21:30:21.262,116.173887,39.725891,NAVIGATING,,45.2,45.2,0.1
21:30:22.264,116.173886,39.725892,NAVIGATING,,45.1,45.1,0.1
21:30:23.266,116.173886,39.725893,NAVIGATING,,45.1,45.1,0.1
21:30:24.268,116.173886,39.725893,NAVIGATING,,45.0,45.0,0.1
21:30:25.270,116.173885,39.725894,NAVIGATING,,44.9,44.9,0.1
21:30:26.271,116.173885,39.725894,NAVIGATING,,44.8,44.8,0.2
21:30:27.273,116.173884,39.725895,NAVIGATING,,44.8,44.8,0.2
21:30:28.275,116.173884,39.725895,NAVIGATING,,44.7,44.7,0.2
21:30:29.278,116.173884,39.725896,NAVIGATING,,44.7,44.7,0.3
21:30:30.280,116.173884,39.725896,NAVIGATING,,44.6,44.6,0.4
21:30:31.282,116.173883,39.725896,NAVIGATING,,44.6,44.6,0.4
21:30:32.283,116.173883,39.725896,NAVIGATING,,44.6,44.6,0.4
21:30:33.285,116.173883,39.725896,NAVIGATING,,44.7,44.7,0.4
21:30:34.287,116.173883,39.725896,NAVIGATING,,44.7,44.7,0.4
21:30:35.290,116.173883,39.725895,NAVIGATING,,44.7,44.7,0.3
21:30:36.293,116.173882,39.725895,NAVIGATING,,44.7,44.7,0.3
21:30:37.295,116.173882,39.725895,NAVIGATING,,44.7,44.7,0.2
21:30:38.297,116.173882,39.725895,NAVIGATING,,44.7,44.7,0.2
21:30:39.300,116.173882,39.725895,NAVIGATING,,44.7,44.7,0.2
21:30:40.303,116.173882,39.725895,NAVIGATING,,44.7,44.7,0.2
21:30:41.306,116.173882,39.725895,NAVIGATING,,44.7,44.7,0.3
21:30:42.309,116.173882,39.725895,NAVIGATING,,44.7,44.7,0.3
21:30:43.310,116.173882,39.725894,NAVIGATING,,44.8,44.8,0.4
21:30:44.312,116.173882,39.725894,NAVIGATING,,44.8,44.8,0.4
21:30:45.313,116.173882,39.725893,NAVIGATING,,44.9,44.9,0.4
21:30:46.315,116.173882,39.725893,NAVIGATING,,45.0,45.0,0.4
21:30:47.317,116.173882,39.725892,NAVIGATING,,45.1,45.1,0.5
21:30:48.319,116.173882,39.725891,NAVIGATING,,45.1,45.1,0.4
21:30:49.321,116.173882,39.725890,NAVIGATING,,45.2,45.2,0.4
21:30:50.323,116.173883,39.725890,NAVIGATING,,45.3,45.3,0.3
21:30:51.326,116.173883,39.725889,NAVIGATING,,45.4,45.4,0.2
21:30:52.327,116.173883,39.725889,NAVIGATING,,45.4,45.4,0.1
21:30:53.329,116.173883,39.725888,NAVIGATING,,45.5,45.5,0.1
21:30:54.332,116.173883,39.725888,NAVIGATING,,45.5,45.5,0.2
21:30:55.334,116.173883,39.725887,NAVIGATING,,45.6,45.6,0.1
21:30:56.337,116.173883,39.725887,NAVIGATING,,45.6,45.6,0.1
21:30:57.339,116.173883,39.725887,NAVIGATING,,45.6,45.6,0.1
21:30:58.342,116.173883,39.725887,NAVIGATING,,45.6,45.6,0.3
21:30:59.347,116.173883,39.725887,NAVIGATING,,45.6,45.6,0.4
21:31:00.349,116.173883,39.725888,NAVIGATING,,45.5,45.5,0.4
21:31:01.351,116.173882,39.725888,NAVIGATING,,45.5,45.5,0.4
21:31:02.353,116.173882,39.725889,NAVIGATING,,45.4,45.4,0.4
21:31:03.381,116.173882,39.725889,NAVIGATING,,45.4,45.4,0.4
21:31:04.384,116.173881,39.725889,NAVIGATING,,45.3,45.3,0.4
21:31:05.386,116.173881,39.725890,NAVIGATING,,45.2,45.2,0.3
21:31:06.387,116.173880,39.725890,NAVIGATING,,45.2,45.2,0.2
21:31:07.389,116.173880,39.725891,NAVIGATING,,45.2,45.2,0.1
21:31:08.391,116.173880,39.725891,NAVIGATING,,45.1,45.1,0.1
21:31:09.393,116.173880,39.725890,NAVIGATING,,45.2,45.2,0.1
21:31:10.395,116.173879,39.725890,NAVIGATING,,45.2,45.2,0.2
21:31:11.397,116.173879,39.725890,NAVIGATING,,45.2,45.2,0.2
21:31:12.399,116.173879,39.725890,NAVIGATING,,45.2,45.2,0.2
21:31:13.401,116.173879,39.725889,NAVIGATING,,45.3,45.3,0.3
21:31:14.404,116.173879,39.725889,NAVIGATING,,45.3,45.3,0.3
21:31:15.407,116.173879,39.725888,NAVIGATING,,45.4,45.4,0.2
21:31:16.408,116.173879,39.725888,NAVIGATING,,45.4,45.4,0.3
21:31:17.410,116.173879,39.725887,NAVIGATING,,45.5,45.5,0.2
21:31:18.412,116.173879,39.725887,NAVIGATING,,45.5,45.5,0.2
21:31:19.414,116.173879,39.725886,NAVIGATING,,45.6,45.6,0.2
21:31:20.416,116.173879,39.725886,NAVIGATING,,45.6,45.6,0.2
21:31:21.417,116.173879,39.725885,NAVIGATING,,45.7,45.7,0.1
21:31:22.420,116.173879,39.725885,NAVIGATING,,45.7,45.7,0.1
21:31:23.422,116.173879,39.725885,NAVIGATING,,45.8,45.8,0.0
21:31:24.425,116.173878,39.725885,NAVIGATING,,45.8,45.8,0.1
21:31:25.427,116.173878,39.725884,NAVIGATING,,45.8,45.8,0.1
21:31:26.428,116.173878,39.725884,NAVIGATING,,45.8,45.8,0.1
21:31:27.430,116.173878,39.725885,NAVIGATING,,45.8,45.8,0.2
21:31:28.433,116.173878,39.725885,NAVIGATING,,45.7,45.7,0.2
21:31:29.435,116.173877,39.725885,NAVIGATING,,45.7,45.7,0.2
21:31:30.437,116.173877,39.725885,NAVIGATING,,45.7,45.7,0.2
21:31:31.439,116.173876,39.725885,NAVIGATING,,45.7,45.7,0.2
21:31:32.446,116.173876,39.725885,NAVIGATING,,45.6,45.6,0.3
21:31:33.448,116.173876,39.725886,NAVIGATING,,45.6,45.6,0.3
21:31:34.450,116.173875,39.725886,NAVIGATING,,45.5,45.5,0.3
21:31:35.452,116.173875,39.725887,NAVIGATING,,45.5,45.5,0.3
21:31:36.454,116.173874,39.725887,NAVIGATING,,45.4,45.4,0.4
21:31:37.456,116.173874,39.725888,NAVIGATING,,45.3,45.3,0.4
21:31:38.460,116.173874,39.725889,NAVIGATING,,45.2,45.2,0.4
21:31:39.461,116.173873,39.725890,NAVIGATING,,45.1,45.1,0.4
21:31:40.462,116.173873,39.725891,NAVIGATING,,45.0,45.0,0.5
21:31:41.464,116.173873,39.725892,NAVIGATING,,44.9,44.9,0.4
21:31:42.466,116.173873,39.725893,NAVIGATING,,44.8,44.8,0.4
21:31:43.468,116.173872,39.725894,NAVIGATING,,44.6,44.6,0.3
21:31:44.470,116.173872,39.725895,NAVIGATING,,44.5,44.5,0.3
21:31:45.478,116.173872,39.725896,NAVIGATING,,44.4,44.4,0.2
21:31:46.480,116.173871,39.725897,NAVIGATING,,44.3,44.3,0.0
21:31:47.482,116.173871,39.725897,NAVIGATING,,44.3,44.3,0.0
21:31:48.484,116.173871,39.725897,NAVIGATING,,44.2,44.2,0.0
21:31:49.486,116.173871,39.725898,NAVIGATING,,44.1,44.1,0.1
21:31:50.488,116.173871,39.725899,NAVIGATING,,44.1,44.1,0.1
21:31:51.490,116.173871,39.725899,NAVIGATING,,44.1,44.1,0.1
21:31:52.492,116.173871,39.725899,NAVIGATING,,44.1,44.1,0.2
21:31:53.495,116.173870,39.725899,NAVIGATING,,44.0,44.0,0.2
21:31:54.497,116.173870,39.725899,NAVIGATING,,44.0,44.0,0.2
21:31:55.498,116.173870,39.725899,NAVIGATING,,44.0,44.0,0.2
21:31:56.502,116.173870,39.725900,NAVIGATING,,44.0,44.0,0.2
21:31:57.505,116.173870,39.725900,NAVIGATING,,44.0,44.0,0.2
21:31:58.506,116.173869,39.725900,NAVIGATING,,44.0,44.0,0.2
21:31:59.508,116.173869,39.725900,NAVIGATING,,44.0,44.0,0.2
21:32:00.509,116.173869,39.725900,NAVIGATING,,44.0,44.0,0.2
21:32:01.511,116.173869,39.725900,NAVIGATING,,44.0,44.0,0.2
21:32:02.512,116.173868,39.725899,NAVIGATING,,44.0,44.0,0.2
21:32:03.514,116.173868,39.725899,NAVIGATING,,44.0,44.0,0.2
21:32:04.516,116.173868,39.725899,NAVIGATING,,44.0,44.0,0.3
21:32:05.518,116.173867,39.725898,NAVIGATING,,44.1,44.1,0.3
21:32:06.520,116.173867,39.725898,NAVIGATING,,44.1,44.1,0.3
21:32:07.521,116.173866,39.725898,NAVIGATING,,44.1,44.1,0.3
21:32:08.522,116.173866,39.725897,NAVIGATING,,44.2,44.2,0.3
21:32:09.525,116.173866,39.725897,NAVIGATING,,44.2,44.2,0.4
21:32:10.526,116.173865,39.725896,NAVIGATING,,44.2,44.2,0.4
21:32:11.528,116.173865,39.725896,NAVIGATING,,44.3,44.3,0.3
21:32:12.531,116.173864,39.725895,NAVIGATING,,44.4,44.4,0.2
21:32:13.533,116.173864,39.725895,NAVIGATING,,44.4,44.4,0.1
21:32:14.536,116.173864,39.725895,NAVIGATING,,44.4,44.4,0.0
21:32:15.537,116.173863,39.725894,NAVIGATING,,44.4,44.4,0.1
21:32:16.539,116.173863,39.725894,NAVIGATING,,44.5,44.5,0.1
21:32:17.541,116.173863,39.725894,NAVIGATING,,44.5,44.5,0.1
21:32:18.544,116.173862,39.725893,NAVIGATING,,44.6,44.6,0.3
21:32:19.545,116.173862,39.725892,NAVIGATING,,44.6,44.6,0.3
21:32:20.548,116.173862,39.725891,NAVIGATING,,44.7,44.7,0.3
21:32:21.550,116.173862,39.725890,NAVIGATING,,44.8,44.8,0.4
21:32:22.552,116.173862,39.725889,NAVIGATING,,45.0,45.0,0.5
21:32:23.553,116.173862,39.725888,NAVIGATING,,45.2,45.2,0.6
21:32:24.556,116.173862,39.725886,NAVIGATING,,45.3,45.3,0.6
21:32:25.557,116.173862,39.725886,PLANNING,,,,0.6
21:32:26.559,116.173863,39.725883,IDLE,,,,0.6
21:32:27.561,116.173863,39.725882,IDLE,,,,0.5
21:32:28.563,116.173863,39.725880,IDLE,,,,0.4
21:32:29.567,116.173864,39.725879,IDLE,,,,0.4
21:32:30.568,116.173865,39.725877,IDLE,,,,0.4
21:32:31.570,116.173865,39.725876,IDLE,,,,0.4
21:32:32.572,116.173866,39.725874,IDLE,,,,0.3
21:32:33.575,116.173866,39.725873,IDLE,,,,0.3
21:32:34.576,116.173867,39.725872,IDLE,,,,0.2
21:32:35.578,116.173867,39.725871,IDLE,,,,0.1
21:32:36.580,116.173868,39.725870,IDLE,,,,0.2
21:32:37.581,116.173868,39.725870,IDLE,,,,0.3
21:32:38.583,116.173869,39.725869,IDLE,,,,0.4
21:32:39.585,116.173869,39.725869,IDLE,,,,0.4
21:32:40.585,116.173869,39.725869,IDLE,,,,0.5
21:32:41.587,116.173869,39.725869,IDLE,,,,0.5
21:32:42.589,116.173870,39.725869,IDLE,,,,0.6
21:32:43.591,116.173870,39.725869,PLANNING,,,,0.6
21:32:44.593,116.173870,39.725871,NAVIGATING,1,783.5,628.5,0.8
21:32:45.594,116.173870,39.725872,NAVIGATING,1,783.4,628.4,0.9
21:32:46.596,116.173869,39.725873,NAVIGATING,1,783.3,628.2,0.9
21:32:47.597,116.173869,39.725874,NAVIGATING,1,783.1,628.1,0.9
21:32:48.601,116.173869,39.725875,NAVIGATING,1,783.0,628.0,0.9
21:32:49.604,116.173868,39.725877,NAVIGATING,1,782.8,627.8,0.8
21:32:50.606,116.173868,39.725878,NAVIGATING,1,782.7,627.7,0.8
21:32:51.609,116.173868,39.725879,NAVIGATING,1,782.5,627.5,0.7
21:32:52.611,116.173867,39.725881,NAVIGATING,1,782.4,627.4,0.5
21:32:53.613,116.173867,39.725882,NAVIGATING,1,782.3,627.3,0.4
21:32:54.615,116.173867,39.725882,NAVIGATING,1,782.2,627.2,0.3
21:32:55.617,116.173867,39.725883,NAVIGATING,1,782.1,627.1,0.2
21:32:56.619,116.173866,39.725884,NAVIGATING,1,782.0,627.0,0.2
21:32:57.621,116.173866,39.725885,NAVIGATING,1,781.9,626.9,0.1
21:32:58.623,116.173866,39.725885,NAVIGATING,1,781.8,626.9,0.1
21:32:59.625,116.173865,39.725886,NAVIGATING,1,781.8,626.8,0.0
21:33:00.628,116.173865,39.725886,NAVIGATING,1,781.7,626.8,0.1
21:33:01.629,116.173865,39.725887,NAVIGATING,1,781.7,626.7,0.1
21:33:02.632,116.173865,39.725887,NAVIGATING,1,781.6,626.7,0.2
21:33:03.633,116.173865,39.725887,NAVIGATING,1,781.6,626.7,0.2
21:33:04.635,116.173864,39.725887,NAVIGATING,1,781.6,626.6,0.3
21:33:05.637,116.173864,39.725887,NAVIGATING,1,781.6,626.7,0.4
21:33:06.639,116.173864,39.725887,NAVIGATING,1,781.6,626.7,0.4
21:33:07.640,116.173864,39.725886,NAVIGATING,1,781.7,626.7,0.4
21:33:08.642,116.173864,39.725886,NAVIGATING,1,781.7,626.8,0.5
21:33:09.644,116.173865,39.725885,NAVIGATING,1,781.8,626.8,0.4
21:33:10.646,116.173865,39.725885,NAVIGATING,1,781.8,626.9,0.3
21:33:11.647,116.173865,39.725885,NAVIGATING,1,781.9,626.9,0.3
21:33:12.650,116.173865,39.725885,NAVIGATING,1,781.9,626.9,0.2
21:33:13.651,116.173866,39.725885,NAVIGATING,1,781.9,626.9,0.1
21:33:14.653,116.173866,39.725885,NAVIGATING,1,781.9,626.9,0.2
21:33:15.654,116.173866,39.725885,NAVIGATING,1,781.9,626.9,0.2
21:33:16.656,116.173867,39.725885,NAVIGATING,1,781.8,626.9,0.2
21:33:17.658,116.173867,39.725886,NAVIGATING,1,781.8,626.9,0.2
21:33:18.661,116.173868,39.725886,NAVIGATING,1,781.8,626.9,0.3
21:33:19.662,116.173868,39.725887,NAVIGATING,1,781.7,626.8,0.2
21:33:20.664,116.173868,39.725887,NAVIGATING,1,781.7,626.8,0.1
21:33:21.666,116.173869,39.725887,NAVIGATING,1,781.7,626.8,0.1
21:33:22.668,116.173869,39.725888,NAVIGATING,1,781.6,626.8,0.1
21:33:23.671,116.173869,39.725888,NAVIGATING,1,781.6,626.8,0.0
21:33:24.674,116.173869,39.725888,NAVIGATING,1,781.6,626.8,0.0
21:33:25.676,116.173869,39.725889,NAVIGATING,1,781.6,626.7,0.1
21:33:26.678,116.173869,39.725889,NAVIGATING,1,781.5,626.7,0.2
21:33:27.683,116.173869,39.725890,NAVIGATING,1,781.4,626.6,0.2
21:33:28.687,116.173870,39.725890,NAVIGATING,1,781.4,626.6,0.1
21:33:29.690,116.173870,39.725890,NAVIGATING,1,781.4,626.6,0.1
21:33:30.691,116.173870,39.725891,NAVIGATING,1,781.4,626.6,0.1
21:33:31.693,116.173870,39.725891,NAVIGATING,1,781.4,626.6,0.1
21:33:32.695,116.173871,39.725891,NAVIGATING,1,781.3,626.6,0.1
21:33:33.697,116.173871,39.725891,NAVIGATING,1,781.3,626.5,0.1
21:33:34.699,116.173872,39.725892,NAVIGATING,1,781.3,626.5,0.1
21:33:35.701,116.173872,39.725892,NAVIGATING,1,781.3,626.5,0.2
21:33:36.703,116.173873,39.725892,NAVIGATING,1,781.2,626.5,0.1
21:33:37.705,116.173873,39.725893,NAVIGATING,1,781.2,626.5,0.1
21:33:38.707,116.173873,39.725893,NAVIGATING,1,781.2,626.5,0.1
21:33:39.709,116.173874,39.725893,NAVIGATING,1,781.2,626.5,0.1
21:33:40.711,116.173874,39.725894,NAVIGATING,1,781.1,626.5,0.0
21:33:41.713,116.173875,39.725894,NAVIGATING,1,781.1,626.5,0.1
21:33:42.714,116.173875,39.725894,NAVIGATING,1,781.1,626.5,0.1
21:33:43.718,116.173876,39.725894,NAVIGATING,1,781.1,626.5,0.2
21:33:44.721,116.173876,39.725894,NAVIGATING,1,781.2,626.5,0.2
21:33:45.723,116.173877,39.725894,NAVIGATING,1,781.2,626.6,0.2
21:33:46.726,116.173877,39.725894,NAVIGATING,1,781.2,626.6,0.2
21:33:47.727,116.173878,39.725894,NAVIGATING,1,781.2,626.6,0.2
21:33:48.730,116.173878,39.725894,NAVIGATING,1,781.2,626.6,0.0
21:33:49.733,116.173878,39.725894,NAVIGATING,1,781.2,626.6,0.2
21:33:50.735,116.173879,39.725895,NAVIGATING,1,781.1,626.6,0.3
21:33:51.737,116.173879,39.725895,NAVIGATING,1,781.1,626.5,0.2
21:33:52.739,116.173879,39.725896,NAVIGATING,1,781.0,626.5,0.2
21:33:53.741,116.173879,39.725896,NAVIGATING,1,781.0,626.4,0.2
21:33:54.743,116.173879,39.725897,NAVIGATING,1,780.9,626.4,0.2
21:33:55.745,116.173879,39.725898,NAVIGATING,1,780.8,626.3,0.3
21:33:56.747,116.173879,39.725898,NAVIGATING,1,780.8,626.2,0.3
21:33:57.750,116.173879,39.725899,NAVIGATING,1,780.7,626.2,0.3
21:33:58.752,116.173878,39.725899,NAVIGATING,1,780.7,626.1,0.3
21:33:59.754,116.173878,39.725899,NAVIGATING,1,780.6,626.1,0.3
21:34:00.757,116.173878,39.725899,NAVIGATING,1,780.6,626.1,0.3
21:34:01.760,116.173877,39.725899,NAVIGATING,1,780.7,626.1,0.5
21:34:02.763,116.173877,39.725898,NAVIGATING,1,780.7,626.2,0.6
21:34:03.765,116.173877,39.725897,NAVIGATING,1,780.8,626.2,0.6
21:34:04.768,116.173877,39.725896,NAVIGATING,1,780.9,626.3,0.7
21:34:05.769,116.173877,39.725895,NAVIGATING,1,781.1,626.5,0.8
21:34:06.771,116.173877,39.725894,NAVIGATING,1,781.2,626.6,0.8
21:34:07.773,116.173878,39.725892,NAVIGATING,1,781.4,626.8,0.9
21:34:08.776,116.173878,39.725890,NAVIGATING,1,781.6,626.9,0.9
21:34:09.779,116.173878,39.725888,NAVIGATING,1,781.8,627.1,0.9
21:34:10.781,116.173878,39.725886,NAVIGATING,1,782.0,627.3,0.9
21:34:11.783,116.173879,39.725884,NAVIGATING,1,782.2,627.5,0.8
21:34:12.784,116.173879,39.725882,NAVIGATING,1,782.5,627.7,0.7
21:34:13.787,116.173880,39.725880,NAVIGATING,1,782.7,628.0,0.7
21:34:14.789,116.173880,39.725878,NAVIGATING,1,783.0,628.2,0.9
21:34:15.791,116.173881,39.725875,NAVIGATING,1,783.3,628.5,1.0
21:34:16.794,116.173881,39.725873,NAVIGATING,1,783.5,628.8,0.8
21:34:17.796,116.173882,39.725870,NAVIGATING,1,783.9,629.1,0.9
21:34:18.799,116.173883,39.725867,NAVIGATING,1,784.2,629.4,0.9
21:34:19.805,116.173885,39.725864,NAVIGATING,1,784.6,629.7,1.0
21:34:20.807,116.173886,39.725861,NAVIGATING,1,784.9,630.1,1.0
21:34:21.809,116.173888,39.725858,NAVIGATING,1,785.3,630.4,0.8
21:34:22.810,116.173889,39.725856,NAVIGATING,1,785.6,630.7,0.5
21:34:23.813,116.173891,39.725853,NAVIGATING,1,785.8,631.0,0.4
21:34:24.816,116.173892,39.725851,NAVIGATING,1,786.1,631.3,0.3
21:34:25.818,116.173893,39.725849,PLANNING,,,,0.3
21:34:26.819,116.173895,39.725848,IDLE,,,,0.3
21:34:27.822,116.173896,39.725846,IDLE,,,,0.3
21:34:28.824,116.173897,39.725844,IDLE,,,,0.3
21:34:29.826,116.173899,39.725843,IDLE,,,,0.3
21:34:30.828,116.173900,39.725841,IDLE,,,,0.3
21:34:31.830,116.173901,39.725840,IDLE,,,,0.4
21:34:32.832,116.173902,39.725839,IDLE,,,,0.5
21:34:33.834,116.173903,39.725839,IDLE,,,,0.6
21:34:34.835,116.173904,39.725838,IDLE,,,,0.8
21:34:35.836,116.173905,39.725838,IDLE,,,,0.8
21:34:36.838,116.173905,39.725837,IDLE,,,,0.8
21:34:37.839,116.173905,39.725837,IDLE,,,,0.7
21:34:38.841,116.173906,39.725837,IDLE,,,,0.9
21:34:39.843,116.173906,39.725837,PLANNING,,,,0.9
21:34:40.844,116.173906,39.725837,NAVIGATING,1,538.0,390.3,1.2
21:34:41.846,116.173905,39.725837,NAVIGATING,1,537.9,390.3,1.2
21:34:42.848,116.173905,39.725838,NAVIGATING,1,537.8,390.2,1.2
21:34:43.850,116.173904,39.725839,NAVIGATING,1,537.7,390.1,1.0
21:34:44.853,116.173904,39.725840,NAVIGATING,1,537.6,390.0,0.9
21:34:45.855,116.173903,39.725840,NAVIGATING,1,537.5,389.9,0.8
21:34:46.856,116.173903,39.725841,NAVIGATING,1,537.4,389.8,0.7
21:34:47.859,116.173902,39.725842,NAVIGATING,1,537.4,389.7,0.6
21:34:48.861,116.173902,39.725842,NAVIGATING,1,537.3,389.7,0.6
21:34:49.863,116.173901,39.725843,NAVIGATING,1,537.2,389.6,0.5
21:34:50.865,116.173901,39.725844,NAVIGATING,1,537.1,389.5,0.4
21:34:51.867,116.173901,39.725844,NAVIGATING,1,537.1,389.5,0.3
21:34:52.870,116.173901,39.725844,NAVIGATING,1,537.0,389.4,0.3
21:34:53.871,116.173900,39.725845,NAVIGATING,1,536.9,389.4,0.6
21:34:54.875,116.173900,39.725846,NAVIGATING,1,536.8,389.2,0.9
21:34:55.876,116.173899,39.725848,NAVIGATING,1,536.6,389.1,1.1
21:34:56.878,116.173898,39.725850,NAVIGATING,1,536.4,388.9,1.1
21:34:57.880,116.173897,39.725852,NAVIGATING,1,536.1,388.6,1.1
21:34:58.882,116.173896,39.725855,NAVIGATING,1,535.8,388.4,1.2
21:34:59.885,116.173894,39.725857,NAVIGATING,1,535.5,388.1,1.2
21:35:00.887,116.173893,39.725860,NAVIGATING,1,535.2,387.8,1.3
21:35:01.892,116.173891,39.725863,NAVIGATING,1,534.9,387.5,1.1
21:35:02.894,116.173890,39.725865,NAVIGATING,1,534.6,387.3,0.9
21:35:03.896,116.173889,39.725867,NAVIGATING,1,534.3,387.0,0.6
21:35:04.898,116.173888,39.725869,NAVIGATING,1,534.1,386.8,0.4
21:35:05.899,116.173887,39.725871,NAVIGATING,1,533.9,386.6,0.2
21:35:06.901,116.173886,39.725872,NAVIGATING,1,533.7,386.5,0.1
21:35:07.905,116.173885,39.725873,NAVIGATING,1,533.6,386.4,0.2
21:35:08.907,116.173885,39.725874,NAVIGATING,1,533.5,386.3,0.4
21:35:09.910,116.173884,39.725874,NAVIGATING,1,533.5,386.2,0.5
21:35:10.911,116.173884,39.725874,NAVIGATING,1,533.4,386.2,0.5
21:35:11.913,116.173883,39.725875,NAVIGATING,1,533.4,386.1,0.6
21:35:12.915,116.173883,39.725874,NAVIGATING,1,533.4,386.1,0.7
21:35:13.916,116.173883,39.725874,IDLE,,,,0.7
21:35:14.919,116.173883,39.725874,IDLE,,,,1.0
21:35:15.921,116.173883,39.725873,IDLE,,,,1.2
21:35:16.923,116.173883,39.725871,IDLE,,,,1.3
21:35:17.927,116.173883,39.725869,IDLE,,,,1.3
21:35:18.928,116.173883,39.725868,IDLE,,,,1.1
21:35:19.929,116.173883,39.725866,IDLE,,,,1.0
21:35:20.931,116.173883,39.725865,IDLE,,,,0.9
21:35:21.933,116.173884,39.725863,IDLE,,,,0.8
21:35:22.935,116.173884,39.725861,IDLE,,,,0.8
21:35:23.936,116.173884,39.725860,IDLE,,,,0.8
21:35:24.942,116.173884,39.725858,IDLE,,,,0.9
21:35:25.944,116.173885,39.725856,IDLE,,,,0.9
21:35:26.946,116.173885,39.725854,IDLE,,,,0.6
21:35:27.949,116.173885,39.725853,IDLE,,,,0.4
21:35:28.951,116.173883,39.725852,IDLE,,,,0.4
21:35:29.953,116.173881,39.725850,IDLE,,,,0.8
21:35:30.956,116.173879,39.725847,IDLE,,,,1.0
21:35:31.957,116.173879,39.725843,IDLE,,,,1.3
21:35:32.959,116.173880,39.725838,IDLE,,,,1.8
21:35:33.961,116.173882,39.725832,IDLE,,,,2.1
21:35:34.963,116.173884,39.725827,IDLE,,,,2.4
21:35:35.965,116.173887,39.725821,IDLE,,,,2.2
21:35:36.967,116.173890,39.725815,IDLE,,,,2.4
21:35:37.969,116.173894,39.725807,IDLE,,,,2.6
21:35:38.972,116.173900,39.725800,IDLE,,,,2.9
21:35:39.974,116.173906,39.725793,IDLE,,,,2.8
21:35:40.976,116.173912,39.725788,IDLE,,,,2.5
21:35:41.978,116.173918,39.725783,IDLE,,,,1.9
21:35:42.980,116.173924,39.725778,IDLE,,,,1.4
21:35:43.982,116.173928,39.725775,IDLE,,,,1.1
21:35:44.986,116.173932,39.725773,IDLE,,,,1.2
21:35:45.987,116.173936,39.725771,IDLE,,,,1.3
21:35:46.989,116.173940,39.725770,IDLE,,,,1.6
21:35:47.991,116.173943,39.725769,IDLE,,,,1.7
21:35:48.993,116.173945,39.725769,IDLE,,,,1.9
21:35:49.997,116.173948,39.725769,IDLE,,,,2.0
21:35:50.998,116.173950,39.725769,IDLE,,,,2.2
21:35:52.001,116.173951,39.725770,IDLE,,,,2.2
21:35:53.003,116.173953,39.725771,IDLE,,,,2.3
21:35:54.005,116.173953,39.725773,IDLE,,,,2.3
21:35:55.006,116.173954,39.725775,IDLE,,,,2.2
21:35:56.008,116.173955,39.725777,IDLE,,,,2.1
21:35:57.009,116.173955,39.725779,IDLE,,,,2.1
21:35:58.011,116.173955,39.725781,IDLE,,,,2.0
21:35:59.018,116.173955,39.725783,IDLE,,,,1.9
21:36:00.020,116.173956,39.725785,IDLE,,,,1.7
21:36:01.021,116.173955,39.725787,IDLE,,,,1.6
21:36:02.023,116.173955,39.725789,IDLE,,,,1.5
21:36:03.025,116.173955,39.725791,IDLE,,,,1.3
21:36:04.026,116.173955,39.725793,IDLE,,,,1.1
21:36:05.028,116.173955,39.725795,IDLE,,,,1.0
21:36:06.029,116.173955,39.725797,IDLE,,,,0.8
21:36:07.032,116.173955,39.725799,IDLE,,,,0.7
21:36:08.033,116.173955,39.725800,IDLE,,,,0.6
21:36:09.035,116.173955,39.725802,IDLE,,,,0.5
21:36:10.036,116.173956,39.725803,IDLE,,,,0.4
21:36:11.038,116.173956,39.725804,IDLE,,,,0.3
21:36:12.039,116.173956,39.725805,PLANNING,,,,0.2
21:36:13.041,116.173956,39.725806,NAVIGATING,1,792.5,638.4,0.2
21:36:14.043,116.173956,39.725806,NAVIGATING,1,792.5,638.4,0.3
21:36:15.045,116.173957,39.725806,NAVIGATING,1,792.5,638.4,0.4
21:36:16.047,116.173957,39.725807,NAVIGATING,1,792.5,638.4,0.5
21:36:17.049,116.173958,39.725807,NAVIGATING,1,792.5,638.4,0.4
21:36:18.051,116.173958,39.725807,NAVIGATING,1,792.5,638.4,0.4
21:36:19.053,116.173958,39.725807,NAVIGATING,1,792.5,638.5,0.5
21:36:20.056,116.173958,39.725806,NAVIGATING,1,792.5,638.5,0.5
21:36:21.057,116.173959,39.725806,NAVIGATING,1,792.6,638.5,0.5
21:36:22.059,116.173959,39.725806,NAVIGATING,1,792.6,638.6,0.5
21:36:23.062,116.173959,39.725805,NAVIGATING,1,792.6,638.6,0.4
21:36:24.064,116.173959,39.725805,NAVIGATING,1,792.7,638.7,0.4
21:36:25.066,116.173960,39.725805,NAVIGATING,1,792.7,638.7,0.4
21:36:26.068,116.173960,39.725804,NAVIGATING,1,792.8,638.8,0.4
21:36:27.070,116.173960,39.725804,NAVIGATING,1,792.8,638.8,0.3
21:36:28.073,116.173960,39.725803,NAVIGATING,1,792.9,638.8,0.3
21:36:29.075,116.173960,39.725803,NAVIGATING,1,792.9,638.9,0.3
21:36:30.077,116.173961,39.725803,NAVIGATING,1,793.0,638.9,0.3
21:36:31.079,116.173961,39.725802,NAVIGATING,1,793.0,639.0,0.2
21:36:32.082,116.173961,39.725802,NAVIGATING,1,793.0,639.0,0.2
21:36:33.085,116.173961,39.725802,NAVIGATING,1,793.1,639.1,0.2
21:36:34.087,116.173961,39.725801,NAVIGATING,1,793.1,639.1,0.2
21:36:35.089,116.173961,39.725801,NAVIGATING,1,793.2,639.1,0.2
21:36:36.091,116.173961,39.725801,NAVIGATING,1,793.2,639.2,0.2
21:36:37.093,116.173961,39.725800,NAVIGATING,1,793.3,639.2,0.3
21:36:38.096,116.173961,39.725799,NAVIGATING,1,793.3,639.3,0.2
21:36:39.102,116.173961,39.725799,NAVIGATING,1,793.4,639.3,0.2
21:36:40.104,116.173961,39.725798,NAVIGATING,1,793.4,639.4,0.2
21:36:41.106,116.173961,39.725798,NAVIGATING,1,793.5,639.4,0.3
21:36:42.108,116.173961,39.725797,NAVIGATING,1,793.6,639.5,0.3
21:36:43.110,116.173961,39.725796,NAVIGATING,1,793.7,639.6,0.3
21:36:44.112,116.173961,39.725795,NAVIGATING,1,793.8,639.6,0.3
21:36:45.115,116.173961,39.725795,NAVIGATING,1,793.8,639.7,0.1
21:36:46.116,116.173961,39.725794,NAVIGATING,1,793.9,639.8,0.0
21:36:47.118,116.173962,39.725793,NAVIGATING,1,794.0,639.9,0.4
21:36:48.120,116.173963,39.725792,NAVIGATING,1,794.1,640.1,0.4
21:36:49.122,116.173966,39.725792,NAVIGATING,1,794.2,640.2,1.0
21:36:50.125,116.173970,39.725793,NAVIGATING,1,794.2,640.3,1.7
21:36:51.128,116.173977,39.725795,NAVIGATING,1,794.2,640.4,2.4
21:36:52.130,116.173985,39.725797,NAVIGATING,1,794.2,640.6,2.8
21:36:53.132,116.173995,39.725799,NAVIGATING,1,794.3,640.8,3.2
21:36:54.134,116.174005,39.725801,NAVIGATING,1,794.3,641.1,3.3
21:36:55.137,116.174016,39.725803,NAVIGATING,1,794.3,641.3,3.4
21:36:56.139,116.174027,39.725806,NAVIGATING,1,794.4,641.6,3.5
21:36:57.141,116.174040,39.725809,NAVIGATING,1,794.4,641.9,3.6
21:36:58.143,116.174052,39.725812,NAVIGATING,1,794.4,642.2,3.6
21:36:59.144,116.174066,39.725815,NAVIGATING,1,794.5,642.5,3.5
21:37:00.146,116.174080,39.725818,NAVIGATING,1,794.6,642.9,3.4
21:37:01.148,116.174094,39.725821,NAVIGATING,1,794.7,643.3,3.3
21:37:02.150,116.174108,39.725823,NAVIGATING,1,794.8,643.7,3.2
21:37:03.152,116.174124,39.725826,NAVIGATING,1,795.0,644.1,3.1
21:37:04.155,116.174139,39.725828,NAVIGATING,1,795.2,644.6,2.9
21:37:05.158,116.174154,39.725830,NAVIGATING,1,795.4,645.1,2.6
21:37:06.159,116.174168,39.725832,NAVIGATING,1,795.7,645.6,2.4
21:37:07.162,116.174184,39.725833,NAVIGATING,1,796.0,646.2,2.1
21:37:08.169,116.174199,39.725835,NAVIGATING,1,796.3,646.8,2.0
21:37:09.171,116.174215,39.725836,NAVIGATING,1,796.7,647.4,2.1
21:37:10.173,116.174232,39.725837,NAVIGATING,1,797.1,648.1,2.0
21:37:11.174,116.174247,39.725837,NAVIGATING,1,797.5,648.8,2.0
21:37:12.176,116.174263,39.725838,NAVIGATING,1,798.0,649.5,2.0
21:37:13.177,116.174280,39.725838,NAVIGATING,1,798.5,650.3,1.8
21:37:14.180,116.174295,39.725838,NAVIGATING,1,799.0,651.0,1.7
21:37:15.182,116.174312,39.725837,NAVIGATING,1,799.6,651.8,1.6
21:37:16.184,116.174327,39.725837,NAVIGATING,1,800.2,652.6,1.4
21:37:17.186,116.174343,39.725836,NAVIGATING,1,800.8,653.4,1.2
21:37:18.188,116.174357,39.725836,NAVIGATING,1,801.3,654.1,0.9
21:37:19.190,116.174372,39.725836,NAVIGATING,1,801.8,654.9,0.6
21:37:20.192,116.174387,39.725836,NAVIGATING,1,802.2,655.5,0.6
21:37:21.194,116.174402,39.725836,NAVIGATING,1,802.8,656.3,0.5
21:37:22.196,116.174417,39.725836,NAVIGATING,1,803.3,657.0,0.6
21:37:23.197,116.174433,39.725837,NAVIGATING,1,803.8,657.7,0.6
21:37:24.199,116.174448,39.725837,NAVIGATING,1,804.3,658.4,0.6
21:37:25.201,116.174463,39.725837,NAVIGATING,1,804.9,659.2,0.4
21:37:26.203,116.174478,39.725837,NAVIGATING,1,805.4,659.9,0.3
21:37:27.204,116.174493,39.725838,NAVIGATING,1,805.8,660.5,0.3
21:37:28.207,116.174508,39.725838,NAVIGATING,1,806.3,661.2,0.3
21:37:29.209,116.174522,39.725839,NAVIGATING,1,806.8,661.9,0.1
21:37:30.212,116.174537,39.725840,NAVIGATING,1,807.2,662.5,0.2
21:37:31.214,116.174550,39.725841,NAVIGATING,1,807.6,663.1,0.4
21:37:32.215,116.174564,39.725842,NAVIGATING,1,808.0,663.6,0.5
21:37:33.217,116.174578,39.725845,NAVIGATING,1,808.3,664.1,0.9
21:37:34.220,116.174591,39.725847,NAVIGATING,1,808.6,664.5,1.0
21:37:35.221,116.174605,39.725850,NAVIGATING,1,808.8,665.0,0.9
21:37:36.224,116.174618,39.725852,NAVIGATING,1,809.1,665.4,0.9
21:37:37.226,116.174631,39.725855,NAVIGATING,1,809.3,665.8,0.9
21:37:38.227,116.174644,39.725858,NAVIGATING,1,809.5,666.2,1.1
21:37:39.229,116.174656,39.725862,NAVIGATING,1,809.6,666.4,1.5
21:37:40.232,116.174667,39.725866,NAVIGATING,1,809.6,666.6,2.0
21:37:41.257,116.174677,39.725872,NAVIGATING,1,809.5,666.6,2.5
21:37:42.259,116.174685,39.725878,NAVIGATING,1,809.2,666.5,2.8
21:37:43.261,116.174694,39.725885,NAVIGATING,1,808.9,666.3,3.2
21:37:44.263,116.174701,39.725892,NAVIGATING,1,808.5,666.0,3.3
21:37:45.265,116.174707,39.725899,NAVIGATING,1,808.0,665.7,3.4
21:37:46.267,116.174713,39.725907,NAVIGATING,1,807.5,665.3,3.6
21:37:47.270,116.174717,39.725915,NAVIGATING,1,806.8,664.7,3.8
21:37:48.272,116.174721,39.725924,NAVIGATING,1,806.1,664.1,4.1
21:37:49.274,116.174724,39.725934,NAVIGATING,1,805.3,663.4,4.1
21:37:50.276,116.174727,39.725944,NAVIGATING,1,804.4,662.7,4.0
21:37:51.278,116.174728,39.725954,NAVIGATING,1,803.5,661.8,4.1
21:37:52.280,116.174729,39.725965,NAVIGATING,1,802.5,660.9,4.4
21:37:53.283,116.174729,39.725976,NAVIGATING,1,801.4,659.9,4.3
21:37:54.285,116.174729,39.725986,NAVIGATING,1,800.5,659.0,3.9
21:37:55.287,116.174728,39.725995,NAVIGATING,1,799.6,658.2,3.4
21:37:56.290,116.174728,39.726002,NAVIGATING,1,798.8,657.5,3.0
21:37:57.292,116.174727,39.726009,NAVIGATING,1,798.2,656.9,3.0
21:37:58.293,116.174725,39.726014,NAVIGATING,1,797.6,656.4,3.1
21:37:59.295,116.174723,39.726019,NAVIGATING,1,797.1,655.9,3.2
21:38:00.297,116.174721,39.726022,NAVIGATING,1,796.7,655.5,3.5
21:38:01.301,116.174718,39.726025,NAVIGATING,1,796.3,655.1,3.6
21:38:02.304,116.174715,39.726027,NAVIGATING,1,796.0,654.7,3.6
21:38:03.306,116.174712,39.726028,NAVIGATING,1,795.7,654.5,3.5
21:38:04.308,116.174709,39.726029,NAVIGATING,1,795.5,654.2,3.6
21:38:05.310,116.174706,39.726030,NAVIGATING,1,795.3,654.0,3.6
21:38:06.311,116.174703,39.726029,NAVIGATING,1,795.2,653.9,3.5
21:38:07.314,116.174700,39.726029,PLANNING,,,,3.4
21:38:08.315,116.174698,39.726029,IDLE,,,,3.5
21:38:09.317,116.174695,39.726026,IDLE,,,,3.3
21:38:10.319,116.174693,39.726024,IDLE,,,,3.3
21:38:11.320,116.174690,39.726021,IDLE,,,,3.2
21:38:12.322,116.174688,39.726019,IDLE,,,,3.0
21:38:13.324,116.174686,39.726016,IDLE,,,,2.8
21:38:14.326,116.174684,39.726013,IDLE,,,,2.6
21:38:15.328,116.174681,39.726011,IDLE,,,,2.5
21:38:16.329,116.174679,39.726008,IDLE,,,,2.3
21:38:17.332,116.174677,39.726005,IDLE,,,,2.1
21:38:18.334,116.174675,39.726002,IDLE,,,,1.9
21:38:19.336,116.174673,39.725999,IDLE,,,,1.7
21:38:20.337,116.174671,39.725996,PLANNING,,,,1.4
21:38:21.338,116.174670,39.725993,NAVIGATING,1,698.7,484.8,1.3
21:38:22.340,116.174668,39.725990,NAVIGATING,1,699.0,484.9,1.4
21:38:23.342,116.174667,39.725987,PLANNING,,,,1.3
21:38:24.343,116.174665,39.725984,IDLE,,,,0.9
21:38:25.345,116.174665,39.725982,IDLE,,,,0.7
21:38:26.347,116.174664,39.725980,IDLE,,,,0.5
21:38:27.349,116.174663,39.725978,IDLE,,,,0.3
21:38:28.351,116.174663,39.725977,IDLE,,,,0.2
21:38:29.353,116.174662,39.725975,IDLE,,,,0.2
21:38:30.355,116.174661,39.725974,IDLE,,,,0.2
21:38:31.356,116.174660,39.725973,IDLE,,,,0.1
21:38:32.358,116.174658,39.725972,IDLE,,,,0.2
21:38:33.360,116.174657,39.725971,IDLE,,,,0.3
21:38:34.362,116.174656,39.725970,IDLE,,,,0.4
21:38:35.364,116.174654,39.725969,IDLE,,,,0.5
21:38:36.365,116.174652,39.725968,IDLE,,,,0.4
21:38:37.367,116.174651,39.725968,IDLE,,,,0.4
21:38:38.369,116.174649,39.725967,IDLE,,,,0.5
21:38:39.371,116.174647,39.725967,IDLE,,,,0.5
21:38:40.372,116.174644,39.725967,PLANNING,,,,0.6
21:38:41.373,116.174641,39.725966,NAVIGATING,1,908.7,656.4,0.6
21:38:42.375,116.174641,39.725966,NAVIGATING,1,908.7,656.3,0.5
21:38:43.377,116.174639,39.725966,NAVIGATING,1,908.7,656.2,0.5
21:38:44.379,116.174637,39.725966,NAVIGATING,1,908.7,656.1,0.5
21:38:45.381,116.174635,39.725966,NAVIGATING,1,908.7,656.0,0.5
21:38:46.384,116.174633,39.725966,NAVIGATING,1,908.7,655.9,0.5
21:38:47.386,116.174631,39.725966,NAVIGATING,1,908.7,655.8,0.4
21:38:48.388,116.174629,39.725966,NAVIGATING,1,908.7,655.7,0.4
21:38:49.391,116.174626,39.725966,NAVIGATING,1,908.7,655.5,0.5
21:38:50.399,116.174624,39.725967,NAVIGATING,1,908.6,655.4,0.6
21:38:51.401,116.174621,39.725967,NAVIGATING,1,908.6,655.2,0.6
21:38:52.404,116.174619,39.725968,NAVIGATING,1,908.6,655.1,0.4
21:38:53.405,116.174617,39.725968,NAVIGATING,1,908.5,654.9,0.4
21:38:54.407,116.174615,39.725968,NAVIGATING,1,908.5,654.8,0.4
21:38:55.410,116.174614,39.725969,NAVIGATING,1,908.5,654.7,0.4
